Date,Ticker,Ticker_Weights,Ticker_Price
2022-03-07,CICN,0.03842135345071136,0.0099999997764825
2022-08-01,CICN,0.00676356214842315,0.0099999997764825
2023-04-03,OPUS,0.03436957676364737,0.1500000059604644
2024-09-09,SECO,0.017350109758826462,9.999999747378752e-05
2023-08-07,LEON,0.020868628768789668,0.0218000002205371
2023-09-11,LEON,0.030984330178379704,0.0218000002205371
2022-10-03,VIVE,0.011747269521187067,0.6890000104904175
2023-02-06,KWE,0.0212416943650766,28.5
2024-05-06,SILO,0.029974258477397108,1.75
2023-02-06,ANDR,0.016546938768528637,0.0240000002086162
2024-12-02,ANDR,0.018345879624514585,9.999999747378752e-05
2023-06-05,VRAYQ,0.03352045046779011,0.6305000185966492
2024-08-05,SBSAA,0.008189892642545082,0.3499999940395355
2022-07-11,ROTH,0.010882124964377033,9.999999747378752e-05
2022-12-05,ROTH,0.01716428750033596,0.00089999998454
2024-02-05,MTC,0.03270896778251725,1.4199999570846558
2024-07-01,PERT,0.02354435254216051,0.0010000000474974
2022-08-01,SPWRQ,0.0253540750890201,19.82999992370605
2023-01-09,SPWRQ,0.007721864122602728,16.81999969482422
2023-02-06,TPIA,0.013813331951973115,0.1668999940156936
2024-05-06,TPIA,0.0269738317876732,0.0460000000894069
2022-05-02,FER,0.029380202398372076,24.799999237060547
2024-11-04,FER,0.0072299455236765845,39.119998931884766
2024-07-01,SLNO,0.01358264603355016,42.290000915527344
2024-08-05,SLNO,0.012822485159583166,45.290000915527344
2022-05-02,SMMT,0.016351773203785464,1.440000057220459
2022-12-05,SSOF,0.003806986893076288,0.001700000022538
2023-02-06,FRCB,0.006568392510211724,142.27000427246094
2024-01-08,FRCB,0.03429107735762584,0.050000000745058
2024-02-05,FRCB,0.013318834112363464,0.0700000002980232
2024-10-07,FRCB,0.02144872642173597,0.0099999997764825
2022-12-05,AZREF,0.02633838822194895,5.03000020980835
2024-01-08,AZREF,0.034719955059865505,1.25
2023-04-03,PIK,0.020850611555963187,0.6610000133514404
2022-10-03,INOD,0.006981615364718685,3.259999990463257
2022-02-07,WAVE,0.014485760886263892,6.71999979019165
2024-07-01,WAVE,0.03665450743708018,2.8399999141693115
2023-02-06,MDGL,0.008045110951468757,276.4800109863281
2023-11-06,MSTR,0.02000926150841767,45.9630012512207
2022-09-12,SMCI,0.009788744298923204,6.665999889373779
2023-04-03,SMCI,0.025571282105951,11.272000312805176
2023-11-06,JANX,0.031607736281380694,6.25
2024-04-01,JANX,0.027751440156719792,37.68999862670898
2022-03-07,PROP,0.023312180992942046,50.29411697387695
2022-07-11,ADMA,0.004762892372507869,2.240000009536743
2023-05-01,ADMA,0.03027398027588442,3.4200000762939453
2024-03-04,ADMA,0.022531910828637723,5.71999979019165
2022-05-02,MOD,0.017456325145316733,8.170000076293945
2022-10-03,MOD,0.03534485762124913,13.4399995803833
2024-12-02,MOD,0.018970195493214423,137.74000549316406
2023-10-02,RYTM,0.004667770666378993,22.100000381469727
2022-09-12,POWL,0.013289401350712089,23.90999984741211
2024-01-08,POWL,0.027158623432136937,80.48999786376953
2024-06-03,EDN,0.033198497039206576,17.260000228881836
2023-04-03,ARDX,0.019333595031908374,4.71999979019165
2024-03-04,EQTL,0.021332858820428707,1.600000023841858
2024-04-01,OMER,0.029306966172169078,3.190000057220459
2024-07-01,OMER,0.011237687216953098,3.950000047683716
2023-07-03,CLS,0.013813879259685352,14.56999969482422
2022-07-11,CVNA,0.01085820475582052,22.09000015258789
2024-04-01,CVNA,0.00581562739694362,86.79000091552734
2024-05-06,CVNA,0.015552286239574194,122.97000122070312
2023-02-06,BMA,0.027176338964074728,20.8799991607666
2024-04-01,BMA,0.013788443755377269,49.13999938964844
2024-03-04,TGS,0.007274238288176852,13.619999885559082
2023-08-07,NUVL,0.016862241268659036,44.619998931884766
2024-02-05,FNMA,0.004472076844775372,1.309999942779541
2022-09-12,DIGI,0.018782113820781265,0.0074999998323619
2023-05-01,HROW,0.005939244771833355,25.86000061035156
2022-08-01,STRL,0.024945901199622856,26.01000022888184
2024-02-05,STRL,0.02664791508360275,76.12000274658203
2023-08-07,VRT,0.03189948628156557,35.720001220703125
2024-08-05,FMCC,0.03588278767719237,1.0
2022-07-11,BELFA,0.013299145655102977,22.86000061035156
2023-11-06,BELFA,0.015997580682995637,50.95000076293945
2022-03-07,APP,0.023042232540522806,47.33000183105469
2022-08-01,APP,0.018413066524726386,34.16999816894531
2024-12-02,APP,0.010136693088167243,340.5899963378906
2022-12-05,PLTR,0.019786151600069163,7.190000057220459
2024-01-08,AVDL,0.009237724494997776,16.15999984741211
2022-08-01,HIMS,0.02383211886842333,6.230000019073486
2022-10-03,ANF,0.01543434611057601,15.670000076293944
2024-09-09,ANF,0.02934142303674839,133.25999450683594
2022-06-06,AMSC,0.029173800361227263,6.03000020980835
2023-03-06,NVDA,0.01682496389486511,23.554000854492188
2022-03-07,PLSE,0.007344583141816381,4.619999885559082
2022-10-03,PLSE,0.009752352041267495,2.2100000381469727
2023-06-05,PLSE,0.03453851209165043,6.170000076293945
2023-07-03,PLSE,0.004815978837044201,6.650000095367432
2023-12-04,PLSE,0.0075671017291098,10.270000457763672
2024-11-04,PLSE,0.03101387170745352,15.1899995803833
2024-08-05,CNR,0.03384851093107046,89.16999816894531
2023-07-03,TGTX,0.01200060983934787,22.75
2024-09-09,TGTX,0.026493820508046426,23.75
2023-08-07,ALST,0.028616855726874495,0.0006000000284984
2023-07-03,SEI,0.013053304354087058,8.4399995803833
2022-02-07,IMVT,0.017582576585417307,5.860000133514404
2022-10-03,IMVT,0.0039615348845668105,6.590000152587891
2023-12-04,IMVT,0.02392449132784358,40.810001373291016
2023-02-06,ELCO,0.00805509687395053,10.0
2023-09-11,USLM,0.024347610760636986,43.84000015258789
2022-05-02,ECOR,0.01109700894728828,6.179999828338623
2022-09-12,ECOR,0.031668077234869696,7.650000095367432
2024-02-05,ECOR,0.020258316582682474,7.199999809265137
2023-02-06,FTI,0.006014566922202965,13.100000381469728
2024-04-01,RCMT,0.022490949525265,20.690000534057617
2022-06-06,ELF,0.029396557192746958,26.290000915527344
2023-02-06,ELF,0.015835650521738003,68.66999816894531
2024-05-06,ELF,0.024080264830366883,164.69000244140625
2024-06-03,AKRO,0.023773686625548816,19.190000534057617
2022-11-07,FICO,0.03514940824738988,436.8500061035156
2022-02-07,IESC,0.004313731561064591,41.09999847412109
2023-07-03,IESC,0.01797587503208177,56.93999862670898
2023-09-11,IESC,0.009630691720232915,70.88999938964844
2022-04-04,FIX,0.013483247207386459,89.80000305175781
2024-10-07,FIX,0.016771496571691594,406.5700073242188
2023-05-01,RXST,0.033001891116228574,18.799999237060547
2022-03-07,GEO,0.004370737473378157,5.5
2022-11-07,SFM,0.019852586844339732,28.82999992370605
2023-12-04,SHOT,0.025734529130420777,5.599999904632568
2022-06-06,DAKT,0.03464411913287594,3.359999895095825
2024-08-05,DAKT,0.03387268722131478,13.289999961853027
2022-12-05,WULF,0.03699542715208769,0.7799999713897705
2023-02-06,WULF,0.03721358381946346,0.6499999761581421
2024-01-08,WULF,0.020839471141311464,2.059999942779541
2023-01-09,CLSK,0.006747504210266136,2.2100000381469727
2023-05-01,CLSK,0.01673471253383138,3.4200000762939453
2023-04-03,AXON,0.00757710737934578,227.38999938964844
2022-12-05,MNSO,0.01094874474540353,11.140000343322754
2022-02-07,PCVX,0.02432128169035784,18.76000022888184
2022-06-06,PCVX,0.03635030033126851,19.86000061035156
2023-06-05,INSM,0.009696164687377107,19.46999931335449
2024-04-01,EAT,0.03278747399715548,50.959999084472656
2024-06-03,CLMB,0.02943479033002016,56.040000915527344
2024-08-05,CLMB,0.003781620072681466,61.900001525878906
2024-10-07,CLMB,0.0392268879748583,103.7699966430664
2022-04-04,TH,0.02540089305345247,5.880000114440918
2024-05-06,TH,0.027466019750281016,11.125
2022-09-12,VERX,0.01030297734319549,14.960000038146973
2022-10-03,JAKK,0.008779996278873487,19.56999969482422
2023-02-06,CRMD,0.009429567351139702,4.460000038146973
2023-09-11,TNK,0.029229310900584164,39.18999862670898
2023-11-06,TNK,0.01895583245034319,53.13999938964844
2024-01-08,GME,0.022086073983661608,15.789999961853027
2022-03-07,UFPT,0.027869348770748828,66.16999816894531
2024-10-07,UFPT,0.015385024800487113,284.6499938964844
2023-02-06,PPTA,0.01606248094350518,3.5299999713897705
2023-05-01,PPTA,0.018262364006322165,4.800000190734863
2023-04-03,AVGO,0.0182350122650675,64.24700164794922
2022-04-04,LRN,0.016554356668122626,36.72999954223633
2023-12-04,LRN,0.009838463416126654,61.220001220703125
2024-06-03,LRN,0.015893970562300727,68.72000122070312
2023-04-03,BLBD,0.03370582926889294,19.75
2024-08-05,AGX,0.03739268546890609,69.55000305175781
2023-11-06,CVRX,0.004003457939938255,16.959999084472656
2024-12-02,OSCR,0.01003690976660211,18.43000030517578
2023-08-07,XPO,0.025344218061825078,72.27999877929688
2023-11-06,XPO,0.02827706459335558,79.4800033569336
2023-10-02,TARS,0.013456077918568251,17.440000534057617
2024-10-07,PDD,0.023052075169531255,153.08999633789062
2023-07-03,RCL,0.026517855197685434,103.1999969482422
2024-01-08,RCL,0.031929971763704046,124.12000274658205
2022-04-04,PCT,0.026150144588517936,8.789999961853027
2024-09-09,PNRG,0.0187641971008209,126.9499969482422
2023-04-03,HLX,0.009952876038676997,8.0600004196167
2024-06-03,NRP,0.009803832357395717,91.0
2022-10-03,AGYS,0.036005923784175435,54.52000045776367
2024-12-02,AGYS,0.019681790956412003,132.24000549316406
2023-09-11,INTA,0.019717987179601843,34.779998779296875
2022-11-07,NGL,0.02431930369019095,1.4500000476837158
2024-03-04,AROC,0.007079268620629964,18.36000061035156
2024-08-05,TIGR,0.018651735081458735,3.609999895095825
2023-02-06,CABA,0.004807365355286763,12.369999885559082
2022-06-06,HWM,0.031781768648863916,36.650001525878906
2023-05-01,HWM,0.02328897049911483,44.29999923706055
2023-05-01,PLX,0.021019683813325876,2.900000095367432
2023-09-11,PLX,0.021550716978067843,1.75
2024-01-08,UEC,0.015267010863384918,6.449999809265137
2023-02-06,GNE,0.026425129724121574,12.25
2024-06-03,GNE,0.01004989212098594,15.3100004196167
2024-12-02,COIN,0.030920404841062163,302.3999938964844
2022-08-01,HWKN,0.02419846129491494,39.20000076293945
2024-04-01,HWKN,0.021493943600499985,74.62000274658203
2022-08-01,KLXE,0.0058618791484163525,5.360000133514404
2022-09-12,KLXE,0.024361867014536936,7.269999980926514
2022-11-07,KLXE,0.02424647742331388,15.729999542236328
2022-12-05,KLXE,0.024196798895853636,14.899999618530272
2023-01-09,KLXE,0.03353293210465336,15.039999961853027
2023-03-06,KLXE,0.014884873574753954,14.270000457763672
2022-02-07,USM,0.009962828283544622,30.82999992370605
2024-01-08,PRIM,0.005522397968458308,32.16999816894531
2022-03-07,EH,0.013490978457416735,11.56999969482422
2023-08-07,EH,0.02590466749727051,20.18000030517578
2022-07-11,SVRA,0.008974063566447109,1.8799999952316284
2023-07-03,ALT,0.013602707932107013,3.450000047683716
2022-12-05,MARA,0.030880795156502876,6.139999866485596
2022-05-02,AVAV,0.005776129737509466,85.7300033569336
2023-08-07,CRK,0.0142557236453437,12.390000343322754
2024-07-01,CRK,0.01940575948853258,10.229999542236328
2023-03-06,WFRD,0.013957928366643432,69.01000213623047
2023-09-11,WFRD,0.014301286718710914,95.41999816894533
2024-03-04,TPL,0.01578519863410107,512.7633056640625
2022-05-02,KRYS,0.026854455745834064,63.650001525878906
2022-07-11,KRYS,0.00661639586280157,70.48999786376953
2024-08-05,KRYS,0.007960147231556228,180.7100067138672
2024-03-04,CORT,0.008992472248719945,24.149999618530277
2024-09-09,LX,0.021083911206998686,1.7100000381469729
2023-03-06,QURE,0.011467504240716084,20.850000381469727
2023-05-01,QURE,0.019265292226397255,20.11000061035156
2022-03-07,ULH,0.02630601323742043,18.809999465942383
2022-06-06,ULH,0.013934209806861074,30.65999984741211
2022-10-03,ULH,0.01617103320836406,33.0099983215332
2024-04-01,ULH,0.013505240258537008,36.7400016784668
2024-11-04,AVPT,0.02465062882536695,12.31999969482422
2024-01-08,NGS,0.03233946493666378,15.489999771118164
2022-10-03,ATXS,0.004612643155269845,9.510000228881836
2023-04-03,GFF,0.02492300313910319,32.02000045776367
2022-05-02,TUSK,0.03332398787107257,2.1700000762939453
2022-08-01,TUSK,0.02322044902853252,3.3399999141693115
2024-03-04,TUSK,0.010262451728989418,3.7300000190734863
2023-09-11,BBW,0.009204058046653366,28.11000061035156
2024-01-08,TKO,0.021552877678161535,80.08000183105469
2023-09-11,PLRX,0.011870200612972111,16.420000076293945
2024-01-08,PLRX,0.02853955431612968,19.59000015258789
2024-02-05,PLRX,0.03359165729698932,15.800000190734863
2023-07-03,OPFI,0.02407393363755087,2.119999885559082
2023-11-06,OPFI,0.008813695833335565,2.400000095367432
2024-11-04,PWR,0.014835194337771047,304.32000732421875
2022-12-05,ODC,0.01640203122761074,16.25
2023-03-06,ODC,0.0213594940471223,18.864999771118164
2022-03-07,BMEA,0.01908276742965287,6.400000095367432
2024-06-03,BMEA,0.006754013280522613,10.949999809265137
2024-11-04,FLEX,0.022995140560151558,35.20000076293945
2023-01-09,ALSN,0.020606872933562233,42.2400016784668
2023-08-07,ALSN,0.026635034913424015,58.97999954223633
2024-04-01,ALSN,0.022199124177469255,80.83000183105469
2022-07-11,UNM,0.0202166434254441,33.540000915527344
2022-08-01,DSP,0.030979691985334623,5.170000076293945
2023-08-07,IOT,0.028758570087046516,25.290000915527344
2024-12-02,IOT,0.03260366341929573,53.650001525878906
2022-05-02,FCNCA,0.025302342375566115,649.4600219726562
2023-09-11,UPST,0.008707160235594286,30.15999984741211
2024-12-02,UPST,0.024221059277551173,67.38999938964844
2023-01-09,CSWI,0.03489614075330734,122.22000122070312
2023-02-06,CSWI,0.02172780333034888,144.97999572753906
2023-07-03,CSWI,0.03336462314671427,164.64999389648438
2022-03-07,PI,0.025099617304194775,56.27000045776367
2022-12-05,RYAM,0.01867196142592908,8.039999961853027
2024-06-03,LLY,0.021372420814858538,831.260009765625
2022-11-07,OII,0.012043155728627563,14.220000267028809
2023-07-03,OII,0.029673305322189338,19.280000686645508
2024-07-01,OII,0.010581606938320392,23.520000457763672
2022-04-04,NTRA,0.014987653886834085,44.540000915527344
2023-01-09,MLI,0.009087448048412477,30.68000030517578
2023-05-01,MLI,0.02509664545668345,36.400001525878906
2024-06-03,MLI,0.015690637914288298,57.2400016784668
2022-12-05,PR,0.016942410904682317,9.420000076293944
2023-04-03,PR,0.02952406746354735,11.539999961853027
2024-10-07,CALM,0.025462311884343086,86.48999786376953
2022-05-02,GE,0.019729250212709826,47.06892395019531
2024-01-08,GE,0.03514427848969529,102.37828826904295
2023-01-09,TEN,0.02706996306765398,15.84000015258789
2022-05-02,URGN,0.022297718474272248,6.659999847412109
2023-01-09,BRBR,0.008539204059412725,26.190000534057617
2023-05-01,IBRX,0.01218346668493362,3.0799999237060547
2023-09-11,IBRX,0.016851569358845544,1.5399999618530271
2023-06-05,AXGN,0.031292012191392195,8.720000267028809
2023-10-02,SMHI,0.011520407459936531,13.420000076293944
2024-07-01,SMHI,0.02059896812726488,13.380000114440918
2022-02-07,ADSE,0.03213678880258385,7.989999771118164
2023-11-06,ADSE,0.03776053371081374,6.409999847412109
2023-09-11,RVMD,0.03294612817467435,32.869998931884766
2023-02-06,RNA,0.03376346132357395,24.299999237060547
2024-03-04,RNA,0.033159672293494334,18.86000061035156
2023-11-06,BKKT,0.032297257371458186,22.799999237060547
2023-12-04,BKKT,0.021423159115625236,49.75
2022-12-05,VITL,0.02604227983025517,14.739999771118164
2022-05-02,RDNT,0.0372365887136353,19.850000381469727
2022-12-05,RDNT,0.01308761701384525,21.049999237060547
2023-07-03,RDNT,0.017065884959853225,31.649999618530277
2024-04-01,RDNT,0.016944292150758895,48.11000061035156
2023-01-09,OCUL,0.015979373127335893,3.5999999046325684
2022-04-04,IDCC,0.008804914769836818,64.4800033569336
2022-05-02,SKYT,0.024415624190839067,6.269999980926514
2024-09-09,SKYT,0.026984600656308432,8.6899995803833
2022-06-06,QUAD,0.025553812508114077,3.569999933242798
2023-07-03,AI,0.024639617720219997,37.47999954223633
2024-01-08,NGD,0.02341701471110127,1.3799999952316284
2024-07-01,NGD,0.008149558704066124,1.950000047683716
2023-08-07,IAG,0.026983469514831424,2.430000066757202
2024-05-06,IAG,0.03226170389539911,3.740000009536743
2022-03-07,INSW,0.00623066269203408,18.61000061035156
2022-08-01,INSW,0.006083473720292575,24.459999084472656
2023-05-01,INSW,0.011893257087285216,39.95000076293945
2023-06-05,CDZI,0.0346809943327399,5.070000171661377
2024-06-03,CDZI,0.02911226475044667,3.0999999046325684
2022-10-03,BRAV,0.030961799224573004,0.0013999999500811
2023-01-09,BRAV,0.033241522144773966,0.0012000000569969
2023-12-04,BRAV,0.010832154678128644,0.0006999999750405
2022-06-06,PSN,0.021942463526596786,40.58000183105469
2023-07-03,INTO,0.03133509627442261,0.3600000143051147
2022-08-01,CXW,0.01592259104514613,10.630000114440918
2024-09-09,REVG,0.01277242461920593,26.440000534057617
2022-09-12,TME,0.01822648818816434,5.070000171661377
2024-06-03,HCC,0.017871460965896705,72.9800033569336
2023-05-01,AMPY,0.036090063751743603,6.949999809265137
2022-07-11,UAL,0.034179359379802196,35.369998931884766
2022-02-07,ESQ,0.014755744519911839,35.72999954223633
2023-11-06,HURN,0.03116051222468716,103.04000091552734
2024-04-01,HURN,0.012073319696299194,95.2300033569336
2023-10-02,TMC,0.025596202583195175,0.9390000104904176
2022-05-02,DLNG,0.0169330633218287,3.049999952316284
2024-02-05,TBBK,0.017450105107777104,42.369998931884766
2022-04-04,AR,0.02152062452239461,31.07999992370605
2023-07-03,AR,0.031257340345644556,23.1200008392334
2024-09-09,AR,0.004530947672957807,25.170000076293945
2024-09-09,COGT,0.021617887316685857,10.949999809265137
2022-02-07,MUSA,0.029077111966880675,179.6699981689453
2024-01-08,MUSA,0.01085023590186806,380.9100036621094
2023-02-06,RIGL,0.03500823921823407,17.100000381469727
2022-12-05,OLLI,0.03300113932984502,57.33000183105469
2022-10-03,LINC,0.012113960708930682,5.570000171661377
2022-09-12,EQT,0.03572805032097143,50.29999923706055
2022-12-05,EQT,0.009449115253348262,37.06999969482422
2024-03-04,EQT,0.02254655929624513,37.540000915527344
2023-09-11,CW,0.024060152191339928,201.3500061035156
2023-12-04,CW,0.030519733188363273,217.6199951171875
2024-05-06,MHO,0.0316501351552651,123.94000244140624
2023-01-09,AAON,0.01981067045540049,49.606666564941406
2024-05-06,AAON,0.02125061190495646,76.19999694824219
2024-11-04,AAON,0.005299063799700804,112.45999908447266
2023-01-09,DELL,0.015936239704487966,42.27999877929688
2023-01-09,CLPT,0.034532204382816845,8.420000076293945
2023-07-03,CVLG,0.021914077114255817,22.55500030517578
2022-08-01,CMT,0.018811556885215474,11.359999656677246
2023-02-06,CMT,0.031005283645115882,15.630000114440918
2023-09-11,CMT,0.005561491351336776,25.8799991607666
2023-07-03,BBSI,0.005450129653303288,21.8799991607666
2024-02-05,PLPC,0.033090276252675375,122.9499969482422
2022-03-07,GPI,0.00978838061383813,185.42999267578125
2023-06-05,GPI,0.018850912491830685,227.3500061035156
2024-04-01,RRC,0.023608573274338424,34.810001373291016
2023-02-06,REPX,0.03864495460866335,31.46999931335449
2024-07-01,REPX,0.027539333404368926,27.93000030517578
2022-05-02,ESP,0.030973132487425288,13.100000381469728
2024-03-04,ESP,0.020229512271799508,25.559999465942383
2024-04-01,ESP,0.017393071146651166,25.399999618530277
2022-04-04,KD,0.02019803070595678,13.529999732971191
2022-09-12,KD,0.004983602539484924,11.300000190734863
2024-07-01,KD,0.0183180116320624,26.75
2024-10-07,KD,0.014904694795118474,23.489999771118164
2024-03-04,COOP,0.025802527670871177,71.2300033569336
2022-05-02,DKS,0.011348715674387286,99.7300033569336
2022-07-11,TK,0.010224249048735706,2.690000057220459
2023-06-05,TK,0.014940622082158668,5.75
2023-09-11,TK,0.034706642592420324,5.929999828338623
2023-04-03,AIT,0.02016682774675874,142.16000366210938
2024-04-01,AIT,0.0341295802679418,195.3800048828125
2024-07-01,PSTG,0.019448512498413822,65.51000213623047
2023-09-11,GDDY,0.016063077102340367,73.69999694824219
2022-03-07,URI,0.03530773208115787,298.239990234375
2024-05-06,URI,0.013144839401476299,683.3400268554688
2022-06-06,MDXG,0.013207124500213987,3.839999914169312
2024-05-06,KNSL,0.03685997598538757,393.9800109863281
2023-12-04,SMC,0.030598906538531676,19.26000022888184
2023-03-06,SPOT,0.015347633620176656,126.37999725341795
2024-01-08,RMBS,0.023188433964619726,66.58999633789062
2023-11-06,PGR,0.005857634524063227,158.22999572753906
2024-04-01,PGR,0.016288212945978313,209.9499969482422
2023-08-07,IBKR,0.022116951449158147,90.0999984741211
2024-01-08,IBKR,0.032156433478288414,87.6500015258789
2024-04-01,IBKR,0.021920970734322438,112.0500030517578
2022-07-11,VIPS,0.005252193602013496,9.579999923706056
2024-11-04,PHAR,0.032327165919325176,8.333000183105469
2022-08-01,EOLS,0.035448100064818765,13.109999656677246
2022-03-07,COKE,0.014275433134759,442.3999938964844
2023-09-11,COKE,0.02997758592694939,676.0
2023-05-01,DDS,0.02433809431550492,293.8900146484375
2024-01-08,DDS,0.01613729849236646,402.0
2024-01-08,HQY,0.02363337963797587,71.93000030517578
2024-06-03,HQY,0.032036186977118346,81.22000122070312
2023-09-11,SG,0.004988262737159119,13.93000030517578
2022-12-05,FN,0.0154245126374505,130.63999938964844
2023-06-05,FN,0.030795199299993147,112.0500030517578
2023-12-04,FN,0.020194014461050375,166.97999572753906
2023-09-11,XERS,0.026552223504322656,2.0999999046325684
2024-09-09,XERS,0.024344665575731787,2.6700000762939453
2024-12-02,XERS,0.03108379454741142,3.380000114440918
2024-03-04,CAMT,0.020385140889515027,84.19999694824219
2022-12-05,HRB,0.031243877426185968,42.25
2023-08-07,FLR,0.02898132377710915,34.2400016784668
2022-06-06,JBL,0.00874403137627013,62.2400016784668
2023-06-05,SHAK,0.03612687922495737,68.75
2023-10-02,SHAK,0.019959488634089084,58.77000045776367
2023-11-06,MCK,0.004107976560087924,460.010009765625
2022-04-04,MTRX,0.028022223211822905,8.229999542236328
2023-04-03,PTGX,0.02987256930330138,22.81999969482422
2023-09-11,PTGX,0.006917260510530076,18.86000061035156
2024-04-01,PTGX,0.015554280779072857,28.280000686645508
2024-09-09,PTGX,0.02028645154696,44.59000015258789
2022-07-11,MPC,0.025499833762441033,83.62999725341797
2024-11-04,LMND,0.015511678268713603,23.56999969482422
2024-12-02,OGC,0.023810602730753607,3.2100000381469727
2022-09-12,ET,0.023081625018899276,12.119999885559082
2023-07-03,ET,0.02908664612440084,12.850000381469728
2024-01-08,ET,0.03288762097056787,13.979999542236328
2024-12-02,ET,0.009168249032005792,19.420000076293945
2023-01-09,ALKT,0.02506564831369244,14.520000457763672
2023-11-06,ALKT,0.03110720786693142,20.809999465942383
2022-02-07,KNSA,0.006377127033570515,10.800000190734863
2024-02-05,KNSA,0.015175975669098576,18.489999771118164
2023-04-03,CNK,0.010197702761602298,14.859999656677246
2024-02-05,CNK,0.0035551815859756683,13.9399995803833
2023-05-01,LPLA,0.010907352356976695,211.42999267578125
2022-12-05,MRC,0.017925002297459348,11.489999771118164
2022-10-03,AEHR,0.031016281295259216,14.699999809265137
2022-12-05,AEHR,0.022393642381411744,25.6200008392334
2023-10-02,AEHR,0.009968304894879128,46.7599983215332
2024-09-09,ERIE,0.011133437727311724,503.1900024414063
2022-02-07,IDR,0.03097237635408755,8.569999694824219
2022-06-06,IDR,0.015560343329301184,9.0
2024-01-08,LNG,0.003760549703559735,166.9499969482422
2023-11-06,JEF,0.005404278932459029,34.349998474121094
2024-08-05,ONTO,0.027610882075898006,166.27999877929688
2022-09-12,NSSC,0.013161502958929828,29.34000015258789
2023-08-07,NSSC,0.03155892706605249,36.70000076293945
2023-04-03,EVR,0.017605011911504306,115.51000213623048
2024-01-08,EVR,0.026112209590347248,172.44000244140625
2022-02-07,AMAL,0.025612782893540992,17.110000610351562
2022-11-07,AMAL,0.021781923943181892,23.899999618530277
2022-12-05,AMAL,0.030102079360234256,26.290000915527344
2023-05-01,MNKD,0.023162403957879336,3.9600000381469727
2023-12-04,MNKD,0.03552834129982968,3.75
2023-01-09,NOG,0.02307170686415017,30.739999771118164
2023-05-01,NOG,0.009235319918986132,33.33000183105469
2022-11-07,PHM,0.004954517737477828,38.720001220703125
2024-03-04,PHM,0.014956482954611853,111.02999877929688
2024-10-07,CRAI,0.018785340433085874,180.67999267578125
2022-06-06,DY,0.017061771939088866,98.01000213623048
2022-08-01,DY,0.007995706126253882,103.98999786376952
2023-09-11,IRM,0.020057118300085053,63.0099983215332
2022-03-07,HUBB,0.037271067843177665,177.57000732421875
2022-05-02,HUBB,0.026792951319623334,194.3999938964844
2024-12-02,HUBB,0.01333602203709847,457.2300109863281
2022-02-07,CBZ,0.031580995674999356,37.45000076293945
2023-07-03,RL,0.025488516473823233,123.69000244140624
2024-01-08,RL,0.025478091310259583,145.3000030517578
2023-12-04,TXRH,0.02143993538452211,114.41000366210938
2022-04-04,CDE,0.03402813732550284,4.730000019073486
2023-11-06,STLD,0.009684750771103666,111.80999755859376
2024-12-02,BMI,0.022922222053987654,220.55999755859372
2023-09-11,XOMA,0.014936600985601279,15.5
2023-12-04,XOMA,0.01867393289100897,16.329999923706055
2024-03-04,ACGL,0.011436177689429268,87.13999938964844
2024-05-06,ACGL,0.0356132877273419,97.13999938964844
2022-07-11,FRHC,0.04182916201581821,49.61000061035156
2023-06-05,GWW,0.005406715230133434,675.6599731445312
2024-10-07,EPAC,0.022706012219437438,42.72999954223633
2023-06-05,ARGX,0.014122833504655909,402.7200012207031
2023-11-06,CAN,0.011149439260863776,1.870000004768372
2024-02-05,CAN,0.003706368654315696,1.2000000476837158
2022-04-04,PAYO,0.026872484267669455,4.800000190734863
2023-08-07,PAYO,0.015436917447855962,5.070000171661377
2022-10-03,WAB,0.006557725297293102,84.5199966430664
2023-02-06,WAB,0.01135428064367872,104.81999969482422
2024-04-01,WAB,0.023341071693929325,144.86000061035156
2024-10-07,WAB,0.014989310369857073,182.0500030517578
2024-04-01,TMHC,0.025189380167439063,61.18000030517578
2024-07-01,TMHC,0.006151118309491096,54.27999877929688
2022-11-07,R,0.013722169436593148,84.68000030517578
2023-04-03,R,0.006819823032098836,87.73999786376953
2024-05-06,R,0.03553649884335088,125.68000030517578
2022-07-11,MLR,0.014007542003292814,22.030000686645508
2024-04-01,MLR,0.021041956256627324,49.630001068115234
2022-06-06,FRPT,0.022393492520226852,68.30999755859375
2022-10-03,FRPT,0.009494792443306949,54.65999984741211
2023-01-09,FRPT,0.01921895209964301,52.630001068115234
2024-12-02,FRPT,0.03402676107423257,154.25
2024-08-05,LII,0.02268134480255958,535.0999755859375
2024-05-06,CASY,0.010075940280847805,323.20001220703125
2022-06-06,BCC,0.02322933919163033,83.05000305175781
2022-09-12,BCC,0.005762911141459143,64.05999755859375
2023-01-09,BCC,0.0055786957581541435,67.0199966430664
2023-01-09,KNTK,0.02192656576629028,31.07999992370605
2023-04-03,KNTK,0.02388143165929432,31.81999969482422
2023-08-07,KNTK,0.016197696068764957,36.310001373291016
2024-05-06,KNTK,0.03412559082722049,38.36000061035156
2024-01-08,WMB,0.013169781764486773,35.650001525878906
2024-02-05,TDG,0.0052951884495891065,1135.0799560546875
2024-12-02,WIX,0.014642786856098109,220.50999450683597
2022-09-12,FOA,0.016069639208262012,16.0
2023-06-05,ETN,0.004393372941789974,183.58999633789065
2024-12-02,FLUT,0.024730015614088705,278.0
2022-06-06,EGY,0.03792321935349427,7.929999828338623
2024-04-01,EGY,0.011699809520752509,7.210000038146973
2024-09-09,ORCL,0.02486731847110854,139.88999938964844
2024-06-03,LMAT,0.036981968022309984,78.55000305175781
2024-09-09,LMAT,0.02989724021228318,86.5199966430664
2023-06-05,NOW,0.031014557000259846,556.7100219726562
2023-06-05,PSO,0.037041455934982224,10.140000343322754
2024-05-06,PSO,0.004561683877379641,12.470000267028809
2024-04-01,NFLX,0.018409156014522806,614.3099975585938
2024-05-06,NFLX,0.0294269172476198,596.969970703125
2024-09-09,NFLX,0.005169180843187392,675.4199829101562
2022-07-11,ITCI,0.009025311157794718,55.400001525878906
2024-12-02,KTB,0.02845127938428489,94.19000244140624
2024-11-04,VCTR,0.012177928015952548,59.310001373291016
2023-04-03,BDC,0.03421834827740033,87.7699966430664
2023-03-06,PDX,0.01877661849505749,15.770000457763672
2023-05-01,GCBC,0.012000905291933945,20.40999984741211
2024-11-04,GCBC,0.011133904331602424,27.84000015258789
2022-09-12,GTLS,0.03110407104370957,200.7700042724609
2022-11-07,COHR,0.026302018915423196,31.82999992370605
2024-07-01,COHR,0.009715945902477466,72.73999786376953
2022-04-04,ACA,0.010070654166092463,57.27000045776367
2024-07-01,TTMI,0.019949798981571273,19.059999465942383
2022-03-07,MANH,0.015517395288358675,126.69000244140624
2022-05-02,MANH,0.004886344162979775,131.35000610351562
2022-09-12,MANH,0.020525019547980652,146.47000122070312
2024-08-05,MANH,0.034229117109362855,238.8600006103516
2022-07-11,MFG,0.020850328889209523,2.319999933242798
2022-02-07,PFGC,0.014660597071792408,43.81999969482422
2022-03-07,BLND,0.013325686987363186,8.5
2022-09-12,BLND,0.024796025100853582,3.0299999713897705
2023-03-06,BLND,0.006674865254863351,1.5
2022-11-07,HDSN,0.027271414555881647,10.800000190734863
2022-10-03,IHG,0.011864366934261012,49.52999877929688
2024-05-06,FLS,0.024099575200760358,48.150001525878906
2024-07-01,FLS,0.031812851234114745,46.869998931884766
2024-12-02,FLS,0.01782696036686801,60.86000061035156
2022-06-06,CSR,0.017230296030180108,83.43000030517578
2022-09-12,TT,0.02399023243609777,165.3800048828125
2022-12-05,TT,0.01394184309832916,176.00999450683594
2022-02-07,VNET,0.004482322922593138,7.650000095367432
2022-07-11,SAIA,0.006926612936949153,204.7400054931641
2023-05-01,SAIA,0.022172663454133518,290.82000732421875
2022-06-06,NRIM,0.01779891204311736,42.29999923706055
2022-10-03,OBE,0.02933600481640673,7.690000057220459
2022-11-07,OBE,0.010553730246737513,10.0
2024-07-01,OBE,0.026520385409418794,7.480000019073486
2024-06-03,RGA,0.007224970086884005,206.94000244140625
2023-06-05,X,0.02506296198731349,21.920000076293945
2022-06-06,WTM,0.014369972351752995,1261.2099609375
2023-04-03,WTM,0.012523166044726128,1376.5400390625
2024-06-03,NVT,0.008073726521586916,79.4800033569336
2024-09-09,BECN,0.01800244420240399,80.25
2022-03-07,CELH,0.031045095682621808,16.290000915527344
2023-01-09,CMG,0.01743416457636243,28.934799194335938
2024-12-02,CMG,0.027613414157909275,60.540000915527344
2022-05-02,KRT,0.014795697319622778,19.18000030517578
2022-07-11,HOV,0.010423348605537196,44.56999969482422
2023-06-05,PRTHU,0.0049672407501518325,3.799999952316284
2024-07-01,VSEC,0.02694240235353327,85.58999633789062
2022-03-07,XFOR,0.03450418743826629,2.150000095367432
2023-05-01,XFOR,0.02938996500671281,1.5700000524520874
2022-08-01,ARL,0.01116268941772796,15.670000076293944
2023-10-02,ARL,0.023912746884448662,14.010000228881836
2022-03-07,HES,0.02790689079556965,97.12000274658205
2024-08-05,HES,0.013685710921425662,132.44000244140625
2024-06-03,CLOV,0.031926913459061707,1.1699999570846558
2023-10-02,SKT,0.02553809074324038,22.34000015258789
2023-11-06,SKT,0.009957159454892554,23.56999969482422
2024-04-01,SKT,0.006101145541024433,29.34000015258789
2022-05-02,ITRI,0.011808151314071178,49.16999816894531
2023-06-05,ITRI,0.02702618300115796,68.94000244140625
2024-05-06,TOST,0.015824949077087216,23.559999465942383
2024-02-05,NAT,0.02757325430037221,4.110000133514404
2022-03-07,CYTK,0.007251905315643067,36.83000183105469
2023-12-04,CYTK,0.0168001073955004,33.88999938964844
2022-02-07,SIGA,0.008670999082118094,6.429999828338623
2022-12-05,GAP,0.028345949171130334,15.149999618530272
2023-07-03,GAP,0.0277481304572623,8.890000343322754
2023-12-04,GAP,0.02152704187799544,20.84000015258789
2023-04-03,MRVL,0.0320914285905478,41.95000076293945
2023-12-04,MRVL,0.007473801403085153,52.0099983215332
2024-06-03,AGO,0.01613639468913742,78.20999908447266
2024-10-07,AGO,0.011058629711197383,80.27999877929688
2022-06-06,KEX,0.013979063868355584,68.86000061035156
2022-02-07,TILE,0.011741763523417235,13.210000038146973
2023-11-06,TILE,0.020987688467134197,9.5
2022-11-07,EXEL,0.004358242381888118,16.350000381469727
2022-08-01,VRTX,0.023797725603273315,273.8299865722656
2023-10-02,VRTX,0.015924114955050563,347.8299865722656
2024-04-01,ARLO,0.028135561592128464,12.520000457763672
2022-04-04,AZPN,0.02326465608429895,167.72000122070312
2022-09-12,AZPN,0.024507319669990656,225.6300048828125
2022-09-12,OSIS,0.01079104215458584,81.79000091552734
2022-09-12,CPS,0.021371061698908636,8.8100004196167
2024-09-09,CPS,0.039889098325834434,13.1899995803833
2024-06-03,ROIV,0.009378835496911464,10.859999656677246
2023-08-07,CIX,0.018714007101239105,22.1299991607666
2023-12-04,CIX,0.02489024566070585,21.989999771118164
2024-05-06,GNW,0.024155716938789006,6.659999847412109
2024-04-01,OLMA,0.03078898019661719,10.890000343322754
2023-01-09,AXP,0.008901720611648335,150.39999389648438
2024-07-01,MELI,0.024138688314231726,1597.5999755859375
2023-11-06,WMT,0.012813594184184703,54.959999084472656
2024-01-08,WMT,0.02082152281087851,52.75
2022-06-06,CAT,0.02751685953851586,223.6300048828125
2024-02-05,CRH,0.028546028910668708,72.5999984741211
2024-08-05,TPB,0.03739900520820144,35.459999084472656
2024-12-02,AUR,0.021256978426958013,6.059999942779541
2022-05-02,TTI,0.01740360848944396,3.700000047683716
2023-05-01,TTI,0.011173068732119746,2.9100000858306885
2023-04-03,WEYS,0.023254018890980818,26.36000061035156
2023-01-09,IMO,0.025310463366283297,47.93000030517578
2022-11-07,VEL,0.03516841464307022,8.4399995803833
2023-07-03,VEL,0.011848274226095773,11.779999732971191
2024-06-03,VEL,0.0354989272105152,18.399999618530277
2024-09-09,AMP,0.03572901279724058,436.3500061035156
2022-04-04,THR,0.021994815336617825,16.450000762939453
2023-08-07,MTDR,0.02248182466087935,58.59999847412109
2023-02-06,GIII,0.03793969313019758,16.56999969482422
2024-08-05,GIII,0.024076732325857435,24.049999237060547
2022-05-02,CDNS,0.018282476231489448,150.49000549316406
2023-11-06,CDNS,0.006113889086714483,249.7700042724609
2024-05-06,OXY,0.03557524267917697,65.0199966430664
2023-12-04,WES,0.023791263587805294,29.920000076293945
2024-03-04,WES,0.030317888641591878,33.900001525878906
2024-06-03,WES,0.031139178383309894,36.630001068115234
2022-03-07,BKR,0.03283474487293498,34.779998779296875
2022-04-04,PAGP,0.022588068888777405,11.75
2023-01-09,PLYA,0.01724821792888424,6.269999980926514
2024-01-08,H,0.03224082539287481,129.8699951171875
2024-09-09,ANNX,0.008778661463479163,6.21999979019165
2024-08-05,LMNR,0.029106216699732738,20.239999771118164
2022-07-11,SAP,0.026553673444903964,88.31999969482422
2022-10-03,PCAR,0.03270460675011593,57.6533317565918
2022-05-02,UBER,0.00875278550795949,30.38999938964844
2022-03-07,WHD,0.02742074890815742,60.33000183105469
2022-06-06,WCC,0.004955200139138434,135.74000549316406
2023-06-05,PAA,0.019398283864708394,13.479999542236328
2024-03-04,BBVA,0.007235378938121744,10.1899995803833
2024-10-07,BBVA,0.006662824861578705,10.619999885559082
2023-06-05,VLO,0.031827306493303946,107.38999938964844
2022-04-04,SXI,0.02220857671253395,101.97000122070312
2022-09-12,SXI,0.027414147227016853,88.8499984741211
2024-01-08,SXI,0.01604681450745225,145.10000610351562
2024-05-06,SXI,0.015592810636652714,168.92999267578125
2024-08-05,SXI,0.004433086537525492,171.42999267578125
2023-11-06,ZVIA,0.036530167291755754,2.0299999713897705
2024-12-02,ZVIA,0.027656891299803175,2.869999885559082
2023-03-06,DOCS,0.018185417102022334,34.08000183105469
2022-07-11,VRDN,0.01064351816322236,12.350000381469728
2024-12-02,VRDN,0.009264422557991389,21.0
2022-07-11,KBH,0.025495488627085623,30.3700008392334
2023-03-06,DASH,0.011649576783031763,55.95000076293945
2023-11-06,DASH,0.012780245145043096,89.04000091552734
2024-03-04,DASH,0.03295606312801633,132.39999389648438
2023-11-06,RELY,0.006764299620576486,19.75
2022-10-03,FTNT,0.017338983088640996,50.959999084472656
2023-07-03,FTNT,0.023743295764182513,74.66000366210938
2023-10-02,FTNT,0.03590706865398439,58.630001068115234
2023-10-02,COMP,0.031492208846996356,2.799999952316284
2023-06-05,JILL,0.014276584238955715,22.5
2024-04-01,JILL,0.03116119955010771,32.54999923706055
2024-11-04,JILL,0.020126111381055908,23.959999084472656
2022-12-05,HCI,0.004511266886812348,37.130001068115234
2024-02-05,HCI,0.011795928926231297,91.54000091552734
2023-09-11,NET,0.02573540663045392,65.45999908447266
2023-02-06,CBT,0.004236597039777193,74.69999694824219
2024-07-01,WT,0.008682577920844316,9.9399995803833
2024-08-05,WT,0.01855519164088331,10.039999961853027
2024-10-07,WT,0.007125950394082306,9.779999732971191
2022-02-07,COLL,0.035174776735287655,18.270000457763672
2023-11-06,COLL,0.031999392307507125,22.100000381469727
2024-04-01,COLL,0.013616771139720502,38.880001068115234
2024-06-03,COLL,0.009756362180186613,32.27000045776367
2022-03-07,EHC,0.01035094167069842,53.4844856262207
2022-06-06,EHC,0.025494427183198214,51.59109115600586
2024-05-06,UTHR,0.00631294781234702,260.510009765625
2023-02-06,MATX,0.018754112815547445,69.45999908447266
2024-03-04,MATX,0.02256292541186123,108.23999786376952
2022-02-07,MTZ,0.015406009724795224,85.4800033569336
2022-03-07,MTZ,0.03609543660982952,71.94000244140625
2023-05-01,MTZ,0.02484532619371032,87.44999694824219
2024-11-04,MTZ,0.01338386312715031,132.61000061035156
2022-03-07,AFL,0.027254433844260285,59.02999877929688
2024-12-02,AFL,0.01745174446698909,111.4000015258789
2023-05-01,YMAB,0.0123984840630114,6.170000076293945
2023-05-01,KLAC,0.008662902988775721,384.4299926757813
2024-01-08,KLAC,0.014344987705983924,562.3599853515625
2024-01-08,XOM,0.013229280164417864,100.91999816894533
2022-11-07,STRA,0.00626255365937767,78.05000305175781
2024-03-04,STRA,0.02267332980401755,105.16000366210938
2024-06-03,NMIH,0.007955407363765281,33.560001373291016
2022-05-02,DAO,0.01921314271817996,7.53000020980835
2023-06-05,DAO,0.01591256746259983,4.619999885559082
2022-11-07,MRSN,0.009179168795992062,6.639999866485596
2023-11-06,MRSN,0.009346334426231515,1.3899999856948853
2022-07-11,GCI,0.03456009138951625,2.450000047683716
2022-08-01,GCI,0.010349171232146535,3.009999990463257
2022-11-07,TECK,0.023610779915022043,33.459999084472656
2023-06-05,RIOT,0.020410354174896613,10.68000030517578
2023-11-06,OKE,0.032782100334442676,66.27999877929688
2023-07-03,GFI,0.020567735909590042,13.920000076293944
2024-07-01,GFI,0.01603924331510063,14.859999656677246
2022-08-01,MPWR,0.02646665679291674,462.2999877929688
2024-05-06,PANL,0.02813511513902815,7.349999904632568
2023-05-01,ACVA,0.004832543073886894,13.470000267028809
2022-10-03,UNTY,0.02883645890349653,25.479999542236328
2023-04-03,UNTY,0.012059285787552993,23.01000022888184
2024-02-05,PAY,0.027689429561025984,15.6899995803833
2024-10-07,PAY,0.015634539848200946,20.57999992370605
2022-03-07,PKOH,0.024153685538457356,14.760000228881836
2023-03-06,PKOH,0.016614918160283453,14.279999732971191
2024-03-04,PKOH,0.02682675431219895,26.51000022888184
2023-09-11,PPC,0.008570393293930785,24.68000030517578
2024-11-04,GRPN,0.008843627825315769,10.670000076293944
2022-08-01,GDS,0.025849952829539218,26.920000076293945
2022-09-12,GDS,0.013055473300280604,23.959999084472656
2023-04-03,AN,0.03197658478727425,135.36000061035156
2022-11-07,SCCO,0.02603673042434586,52.46134948730469
2023-12-04,SCCO,0.0161126587448877,72.88607025146484
2023-12-04,RACE,0.031613469057651056,353.6400146484375
2024-02-05,FBIZ,0.022978043351089415,34.52000045776367
2022-09-12,DAL,0.014445272646405341,33.150001525878906
2024-02-05,CVCO,0.004891352293504453,350.6000061035156
2022-09-12,ITGR,0.0060368486848105035,65.56999969482422
2022-03-07,PLXS,0.025060491182225593,81.31999969482422
2024-05-06,PKG,0.03019003481953844,176.14999389648438
2022-07-11,BZH,0.010554495608508458,13.100000381469728
2023-09-11,BZH,0.03343227690426826,27.81999969482422
2024-02-05,BZH,0.006990219418094077,29.239999771118164
2022-10-03,PTCT,0.021578366069871794,50.68000030517578
2023-04-03,PTCT,0.019407342892376205,47.43000030517578
2023-05-01,PTCT,0.03332931927020889,55.16999816894531
2023-12-04,PTCT,0.03220093327977687,25.07999992370605
2022-07-11,PCG,0.02016702579415779,10.119999885559082
2023-05-01,PCG,0.03330678844451906,17.200000762939453
2022-09-12,LTH,0.021753054589698756,13.420000076293944
2024-11-04,LTH,0.01729578840831017,22.57999992370605
2022-02-07,NWG,0.018133056669161113,7.29525899887085
2022-12-05,AJG,0.021517178099067114,196.8300018310547
2022-06-06,CHEF,0.016942225728971045,35.91999816894531
2022-12-05,HEI,0.036486409121195704,162.36000061035156
2023-03-06,HEI,0.015950279639507264,174.6199951171875
2022-03-07,BOOT,0.01353274171409606,83.08000183105469
2022-09-12,BOOT,0.03568958232102488,71.52999877929688
2024-06-03,BOOT,0.036178517206399245,123.1500015258789
2023-08-07,ABG,0.029717999986974858,225.69000244140625
2023-10-02,ABG,0.014754283946404954,218.8500061035156
2022-04-04,RES,0.02626054054457469,11.130000114440918
2023-08-07,RES,0.0034418014153186783,8.149999618530273
2024-03-04,WINA,0.03297445752366237,359.8500061035156
2024-08-05,WINA,0.03711080339686053,356.3699951171875
2022-06-06,GWRE,0.024814610815104363,79.4800033569336
2022-12-05,GWRE,0.016512484206875188,57.75
2023-03-06,AGM,0.01683154341458372,147.1999969482422
2023-11-06,ALTR,0.023769420838309813,66.9000015258789
2022-07-11,AORT,0.011270685353398046,18.309999465942383
2023-02-06,AORT,0.0378575097099655,13.68000030517578
2023-05-01,AORT,0.01885436870792198,14.039999961853027
2023-07-03,AORT,0.007797897269660767,17.239999771118164
2024-02-05,AORT,0.03261427108710072,16.719999313354492
2022-09-12,EXE,0.018160731632714703,103.83000183105467
2022-10-03,ALL,0.03315336881848498,128.27999877929688
2023-02-06,GLBE,0.021790172429639532,29.780000686645508
2022-03-07,MTG,0.01403231337371823,13.789999961853027
2022-10-03,OR,0.005308954141488079,10.510000228881836
2023-01-09,OR,0.025028828928162463,12.600000381469728
2024-12-02,OR,0.018669440245750984,19.13999938964844
2022-10-03,KMI,0.030991713883845917,17.100000381469727
2024-11-04,MWA,0.025589670108837028,22.049999237060547
2024-11-04,AVAH,0.014399761041191776,4.510000228881836
2023-08-07,NBIX,0.010462711192778506,101.2699966430664
2024-10-07,COR,0.025778769579720157,219.5
2023-06-05,AIR,0.008883827138916762,51.84000015258789
2022-03-07,PLAB,0.017470500044281603,17.040000915527344
2023-12-04,PLAB,0.015003574447158732,20.959999084472656
2024-05-06,UMI,0.00917374820941819,40.54600143432617
2022-04-04,GBX,0.014822447517248183,49.47999954223633
2023-03-06,GBX,0.01683352017458424,32.40999984741211
2024-01-08,GBX,0.014790780699668443,48.5099983215332
2024-06-03,GBX,0.035292098484806474,54.459999084472656
2024-06-03,HLT,0.02641639990767404,198.16000366210935
2023-06-05,GTLB,0.008580078834869243,35.400001525878906
2022-04-04,WSO,0.02339303777785698,305.5199890136719
2023-12-04,WSO,0.004125630639022479,396.9500122070313
2022-12-05,FANG,0.026850451368394132,142.0
2023-11-06,FANG,0.004302890804265924,160.13999938964844
2024-09-09,FANG,0.03710191115137792,179.2100067138672
2023-01-09,HBM,0.03699908594771361,5.849999904632568
2023-02-06,HBM,0.028384317917793705,5.320000171661377
2023-03-06,AZZ,0.02185127133943037,41.650001525878906
2022-07-11,VCYT,0.019925310246046084,24.71999931335449
2024-07-01,HUBS,0.022621981562304418,592.5800170898438
2023-07-03,STEP,0.023138601460843105,24.71999931335449
2022-05-02,APH,0.01097381179777657,35.79499816894531
2022-08-01,APH,0.014058191224245984,38.2599983215332
2023-02-06,OFG,0.02914570305732191,29.18000030517578
2024-07-01,TSLA,0.005058608881383618,209.8600006103516
2024-05-06,SM,0.016399841903821055,50.720001220703125
2024-12-02,SM,0.024289124199363122,44.2400016784668
2023-02-06,COST,0.005377237363145203,515.5900268554688
2022-06-06,KAI,0.008034682351438682,188.8300018310547
2024-06-03,KAI,0.03174503570209577,279.92999267578125
2022-12-05,LUCK,0.01782004885924542,13.699999809265137
2023-02-06,IBP,0.016365035991871297,113.44000244140624
2024-03-04,LDOS,0.004458178891147335,129.52000427246094
2022-07-11,CHKP,0.007414486272222556,125.63999938964844
2023-12-04,CHKP,0.004251579630840752,145.4600067138672
2024-11-04,CHKP,0.029556857360017723,170.17999267578125
2022-02-07,ASO,0.021319718011564015,37.040000915527344
2023-04-03,ASO,0.017649146661552418,66.43000030517578
2024-06-03,ASO,0.015153083026161477,57.40999984741211
2022-05-02,WRB,0.012035697531408453,44.12666702270508
2024-11-04,WRB,0.01513561030713899,57.52999877929688
2023-05-01,CMI,0.022165799946303,234.5800018310547
2022-10-03,PNTG,0.0331319111203699,10.699999809265137
2022-11-07,HPK,0.01711851086595971,24.149999618530277
2022-07-11,PSX,0.018722059713738328,81.76000213623047
2022-02-07,NRDS,0.04021694337962829,14.81999969482422
2023-02-06,BX,0.0132024171603273,95.72000122070312
2023-01-09,QH,0.004933434202658964,1.4700000286102295
2022-09-12,EXP,0.03360601115852232,121.4499969482422
2022-04-04,CNO,0.006559672105131027,24.88999938964844
2022-11-07,REX,0.007317594469438912,30.809999465942383
2022-04-04,NHC,0.017731569129203595,70.7699966430664
2024-10-07,NHC,0.03554601041569072,120.36000061035156
2023-05-01,HP,0.035860808578100076,33.02000045776367
2023-10-02,HP,0.004280820645228399,40.34999847412109
2024-12-02,HP,0.009570435493993456,35.18000030517578
2022-05-02,TJX,0.014326268161962358,62.29999923706055
2022-11-07,ASM,0.024529368236086712,0.6899999976158142
2023-08-07,WWD,0.005970181595157435,127.5199966430664
2023-04-03,HY,0.015645025120056548,49.7400016784668
2022-09-12,CNQ,0.01951595205180364,28.1299991607666
2023-01-09,CNQ,0.03352233072523553,27.59000015258789
2024-10-07,DSGR,0.008884483785187313,38.2599983215332
2022-02-07,ISRG,0.004685449889254538,284.8900146484375
2024-02-05,PBI,0.03269600952885182,3.740000009536743
2023-04-03,MMSI,0.02166388645288427,74.02999877929688
2023-01-09,IMAX,0.027451252371769222,15.81999969482422
2023-02-06,IMAX,0.027988854757235285,17.690000534057617
2024-10-07,IMAX,0.00809524079178929,19.68000030517578
2024-02-05,GMS,0.00536221966762384,85.0199966430664
2022-10-03,MYRG,0.030252938052798415,87.16000366210938
2023-12-04,MYRG,0.011701163530009679,128.9199981689453
2024-02-05,MYRG,0.029838341088148968,147.69000244140625
2023-12-04,RJF,0.025366137901526444,106.91000366210938
2024-10-07,RJF,0.02542462806490729,125.37000274658205
2023-04-03,ENSG,0.010720449401966276,95.16000366210938
2024-07-01,ENSG,0.03281714486552613,124.13999938964844
2022-08-01,AZO,0.03583268055803781,2161.360107421875
2024-06-03,SF,0.009732030167546375,79.12999725341797
2024-10-07,GLUE,0.0284084311408893,5.070000171661377
2022-06-06,SLM,0.01612268294163645,19.530000686645508
2023-10-02,SLM,0.01062731817051709,13.520000457763672
2024-12-02,PAG,0.005593434174144697,167.4600067138672
2022-08-01,RBA,0.01939277902715168,72.0
2024-08-05,RBA,0.011864422925531484,71.7699966430664
2022-05-02,LSEA,0.007881393990335338,8.3100004196167
2023-06-05,LSEA,0.03481171771320495,7.150000095367432
2024-07-01,SYF,0.01964346908087355,48.11000061035156
2022-03-07,CMCM,0.019724088711713203,5.150000095367432
2024-12-02,CMCM,0.013198492239536085,5.96999979019165
2022-02-07,HIG,0.01246675822506985,70.2300033569336
2022-05-02,HIG,0.0261456710526051,70.0999984741211
2024-09-09,HIG,0.01032948978344557,116.91000366210938
2022-10-03,BAP,0.010415591656393611,126.4000015258789
2023-10-02,BAP,0.004270914586929352,123.69000244140624
2024-11-04,BAP,0.010843152692437566,181.5200042724609
2024-10-07,IT,0.007798366826572311,509.80999755859375
2024-06-03,XENE,0.0045203185042468055,38.43999862670898
2024-08-05,XENE,0.02615838917041782,41.47999954223633
2024-09-09,XENE,0.008863951819315064,38.61000061035156
2022-09-12,DFIN,0.01887903197475644,40.86000061035156
2024-07-01,DFIN,0.03296081440146542,59.34999847412109
2023-03-06,SAH,0.03635707670515547,58.84000015258789
2024-03-04,SAH,0.0325500112501383,51.34000015258789
2024-10-07,SAH,0.0371235204169016,55.77999877929688
2022-05-02,DMRC,0.009869162961023208,27.020000457763672
2023-03-06,DMRC,0.016434753452399094,21.1200008392334
2024-08-05,DMRC,0.016391792384996617,28.459999084472656
2023-05-01,WAL,0.02179693247054701,36.43999862670898
2024-12-02,WAL,0.00730381567623063,93.19000244140624
2022-07-11,ESLT,0.0373465203351408,219.3699951171875
2022-02-07,NEU,0.03404157879520055,299.510009765625
2022-09-12,NEU,0.0070623681783253634,304.17999267578125
2022-02-07,DHC,0.01823132237860112,3.039999961853028
2024-12-02,LPX,0.015292260479350943,117.33000183105467
2022-06-06,PTC,0.03788942296253507,118.47000122070312
2022-11-07,ACT,0.020409605958429246,25.82999992370605
2024-10-07,WLDN,0.016020656651295435,43.5
2024-01-08,GEVO,0.013783173529276832,1.1200000047683716
2022-02-07,RBC,0.01374778885168126,174.64999389648438
2023-10-02,RBC,0.012955453484107163,229.13999938964844
2023-08-07,BXC,0.02972847700115207,88.93000030517578
2023-12-04,MDU,0.005679539154122158,10.70914077758789
2022-12-05,FNKO,0.0324509791827706,10.390000343322754
2024-05-06,IBCP,0.003934748517644138,25.25
2023-03-06,MNDY,0.036845894774329827,147.38999938964844
2023-09-11,MNDY,0.010240143870600507,175.66000366210938
2023-10-02,TRV,0.013556829562914052,162.27000427246094
2022-06-06,ORRF,0.032939502526181295,25.21999931335449
2023-11-06,CTS,0.022609678608783497,40.68000030517578
2023-07-03,AX,0.0035021221874445,39.88999938964844
2023-01-09,LNW,0.03279430400709845,59.400001525878906
2023-07-03,CWAN,0.023062472788179193,15.779999732971191
2024-05-06,CWAN,0.01615762895707827,17.469999313354492
2023-07-03,RDN,0.01987599109013986,25.549999237060547
2024-05-06,RDN,0.02764208271692997,31.309999465942383
2024-10-07,RDN,0.01662742688668805,34.11000061035156
2023-05-01,QCRH,0.01818090269664982,40.619998931884766
2024-01-08,POST,0.003870924372846138,92.66000366210938
2024-04-01,POST,0.013155186809939696,105.44000244140624
2023-08-07,GL,0.024744455744435536,115.36000061035156
2024-05-06,INNV,0.027212873036387135,4.320000171661377
2024-08-05,INNV,0.037464145210208126,5.5
2024-11-04,INNV,0.008824701773503545,5.900000095367432
2022-07-11,SHOP,0.03297777581638457,32.31999969482422
2023-02-06,TGI,0.025817329794162625,12.170000076293944
2023-09-11,TGI,0.016530269814087457,8.579999923706055
2024-10-07,TGI,0.006180725528474439,12.390000343322754
2023-07-03,APG,0.02291919487001005,27.190000534057617
2024-04-01,APG,0.034366877971807444,38.900001525878906
2024-02-05,CMC,0.009333771385225675,50.25
2023-07-03,MTH,0.017698784466916678,70.55000305175781
2022-02-07,JWN,0.015718314662188305,22.170000076293945
2023-06-05,NNOX,0.010561525428050085,20.020000457763672
2022-10-03,XPOF,0.02696418527778063,19.09000015258789
2023-09-11,XPOF,0.009038130108343643,19.25
2024-09-09,XPOF,0.007579505060725479,12.949999809265137
2024-03-04,VOXX,0.018349741690583538,8.279999732971191
2022-09-12,CSTL,0.03195142783288968,29.739999771118164
2022-02-07,CBOE,0.014275640380311507,119.9499969482422
2023-03-06,ATOM,0.012319631451301187,6.510000228881836
2024-07-01,SNPS,0.018131058538206464,601.75
2022-05-02,CMPR,0.012670878319878677,52.31999969482422
2023-04-03,CMPR,0.017194002260678652,45.13999938964844
2024-04-01,CMPR,0.026837147867340753,91.58000183105467
2024-08-05,CMPR,0.007516335497036912,83.20999908447266
2023-03-06,AVXL,0.02842920081191459,9.869999885559082
2024-04-01,ADUS,0.020384877633253144,103.18000030517578
2022-11-07,MEC,0.021467755716560576,9.6899995803833
2023-02-06,MEC,0.011472203635199,16.600000381469727
2023-04-03,MEC,0.03325149602323902,14.329999923706056
2023-11-06,JPM,0.03130913486581124,144.0800018310547
2024-03-04,DK,0.03340546966836978,25.63999938964844
2024-11-04,DK,0.03235251181486008,15.859999656677246
2022-11-07,BRO,0.0396494149857952,56.02000045776367
2022-12-05,BRO,0.02327920586362438,59.04999923706055
2023-08-07,BRO,0.0283366221808847,71.13999938964844
2024-01-08,SPSC,0.01916792128628075,180.10000610351562
2024-11-04,SPSC,0.021832204482335558,167.1999969482422
2022-03-07,BCML,0.010076419931074849,21.850000381469727
2022-07-11,BCML,0.04110658903241162,20.700000762939453
2023-03-06,BCML,0.031214066815205686,20.020000457763672
2023-03-06,BUR,0.027337657311796625,8.40999984741211
2023-10-02,BUR,0.004806136292052932,13.670000076293944
2023-12-04,BUR,0.02819879198028776,13.8100004196167
2024-08-05,OSPN,0.01807018249259639,14.149999618530272
2024-08-05,BCO,0.03165990651232187,99.66000366210938
2022-06-06,DVA,0.00783522072133615,95.81999969482422
2022-02-07,GS,0.033792099196266134,368.1499938964844
2023-05-01,GS,0.011934641801489952,340.57000732421875
2024-09-09,GS,0.008222724942132857,488.5700073242188
2023-11-06,SAN,0.018148229181762024,3.7699999809265137
2022-06-06,ZVRA,0.03791756997812401,4.71999979019165
2023-10-02,ZVRA,0.03765346303664366,4.71999979019165
2024-06-03,ZVRA,0.00943023405712147,4.880000114440918
2022-03-07,KAR,0.00836400446557834,17.90999984741211
2023-12-04,KAR,0.006235159831762155,14.970000267028809
2024-03-04,KAR,0.0316295840244667,16.020000457763672
2023-07-03,DHI,0.007609031043780353,120.16999816894533
2023-06-05,CTLP,0.03745961195572981,6.789999961853027
2024-03-04,CTLP,0.0035565408400538077,6.349999904632568
2024-09-09,CTLP,0.009443044995879035,6.389999866485596
2022-04-04,CHX,0.02560361763914122,24.86000061035156
2022-03-07,NVR,0.01617786946664207,4706.8798828125
2022-09-12,NRIX,0.024432108341100794,16.290000915527344
2024-05-06,ORI,0.004704166614434114,30.8700008392334
2024-11-04,ORI,0.018937869343148492,34.650001525878906
2023-03-06,AMWD,0.029091741167877133,54.790000915527344
2023-11-06,AMWD,0.005900263801290931,71.94000244140625
2024-03-04,EOG,0.02399827389049041,115.83000183105467
2023-01-09,ACNB,0.03187084379676044,37.38999938964844
2023-06-05,ACNB,0.008737995815438599,29.299999237060547
2024-04-01,IRMD,0.0236910746449129,42.900001525878906
2022-10-03,FWONA,0.010469338556809643,53.791748046875
2023-07-03,NSIT,0.01102564721722776,146.3800048828125
2023-10-02,NSIT,0.006745767773117696,144.8300018310547
2024-04-01,NSIT,0.004521381715682071,186.0
2022-04-04,SITM,0.03224351770838655,248.6999969482422
2022-12-05,SITM,0.014224562867981554,101.9499969482422
2023-11-06,SITM,0.005940308493879339,108.62999725341795
2023-12-04,ITT,0.024943086678692383,111.23999786376952
2024-06-03,ITT,0.026896712590664267,129.19000244140625
2023-11-06,HLIT,0.03223430294152481,11.029999732971191
2024-07-01,WFC,0.0144218238537786,60.59000015258789
2022-02-07,IMXI,0.020314259546193203,15.710000038146973
2022-06-06,IMXI,0.025058613921844327,20.34000015258789
2023-07-03,IMXI,0.007650403289130891,24.90999984741211
2022-08-01,UFCS,0.015132451195056644,32.81999969482422
2022-11-07,UFCS,0.021051451912751724,28.209999084472656
2023-10-02,UFCS,0.016466054184459167,19.350000381469727
2022-08-01,BKD,0.015252474955672002,4.78000020980835
2022-11-07,BKD,0.01633919479662575,4.369999885559082
2022-11-07,AYI,0.023410287615335465,185.5800018310547
2024-08-05,UHS,0.026017155265569143,211.0
2024-11-04,DCO,0.026542679340738583,59.77999877929688
2022-10-03,WPM,0.011204993832783753,33.630001068115234
2024-03-04,ARMK,0.005007356150608648,31.020000457763672
2023-04-03,HPE,0.008258087611875882,16.329999923706055
2024-07-01,HPE,0.024368703581798427,21.15999984741211
2023-11-06,COP,0.029744018380197502,118.47000122070312
2024-12-02,COP,0.030338931744618183,106.13999938964844
2022-02-07,BLFS,0.014829974278702206,27.5
2022-08-01,BLFS,0.02067056082364126,19.290000915527344
2024-12-02,FBP,0.008186134765891064,20.700000762939453
2023-05-01,FHN,0.007891277965432078,17.520000457763672
2023-10-02,FHN,0.02645328159366,10.640000343322754
2022-08-01,CAKE,0.009401755644645163,28.86000061035156
2023-11-06,PREC,0.023202343392495193,0.025000000372529
2023-02-06,CTRA,0.022852112626885135,23.809999465942383
2023-08-07,CTRA,0.009266394108460923,27.799999237060547
2023-12-04,ACRS,0.023018143941729456,0.9829999804496764
2022-02-07,RBCAA,0.008616270573814717,48.43000030517578
2023-11-06,RBCAA,0.024849095508452653,46.630001068115234
2022-11-07,BCH,0.018971361883337888,18.75
2024-01-08,PKB,0.026410671506979375,61.90999984741211
2024-09-09,PKB,0.01696647705888026,71.44000244140625
2022-04-04,BFC,0.023174475324117923,71.98999786376953
2023-01-09,BFC,0.029990238348440636,86.80999755859375
2023-04-03,BFC,0.009000666280983454,74.0
2024-07-01,BFC,0.023907618458831978,82.41999816894531
2024-08-05,BFC,0.014010139928186087,83.68000030517578
2023-10-02,RSG,0.030679445555888897,141.16000366210938
2023-03-06,DGII,0.006941800530014721,33.91999816894531
2024-11-04,DGII,0.02434830287611257,29.34000015258789
2022-02-07,TSEM,0.034982291104763606,34.599998474121094
2022-10-03,TCBX,0.027216636381672564,17.360000610351562
2022-06-06,ROST,0.024118901702323326,81.33000183105469
2023-08-07,ROST,0.023882963005454543,113.45999908447266
2022-08-01,MGRC,0.011127926234036028,84.55000305175781
2022-11-07,MGRC,0.0222875337993166,96.75
2023-02-06,MGRC,0.01351555261359567,103.83000183105467
2023-05-01,MGRC,0.020354440533205353,89.69999694824219
2023-05-01,AGRO,0.00956806720691487,8.479999542236328
2022-09-12,SHEL,0.010549621348536363,53.970001220703125
2023-08-07,SHEL,0.029950360030006968,61.43999862670898
2024-10-07,SHEL,0.01714507455121544,70.2300033569336
2022-04-04,SGI,0.03142321739925464,28.36000061035156
2022-05-02,SGI,0.03596054013028966,28.030000686645508
2023-12-04,SGI,0.031097535641833186,43.93000030517578
2022-07-11,SHCO,0.021831005695864214,6.0
2022-02-07,L,0.020791303241549566,60.83000183105469
2022-07-11,IGM,0.01863408841614593,50.61833190917969
2023-12-04,IGM,0.020651499821534205,69.88666534423828
2024-02-05,GPK,0.018956454436145673,25.25
2023-09-11,AEIS,0.032925381632425664,104.2300033569336
2024-02-05,AEIS,0.01035789771214532,105.12000274658205
2022-04-04,AGIO,0.018730884923925852,31.420000076293945
2022-12-05,AGIO,0.019182364751073665,29.799999237060547
2023-09-11,AGIO,0.02192200152457095,26.8700008392334
2023-12-04,AGIO,0.02348994846094963,23.06999969482422
2024-01-08,AGIO,0.006594174636780559,24.450000762939453
2022-12-05,LI,0.017407040618012456,22.11000061035156
2024-07-01,LI,0.033048814786806456,19.07999992370605
2023-06-05,V,0.031098896483294836,226.7700042724609
2024-04-01,V,0.024628036264172218,278.2799987792969
2023-05-01,MA,0.017304379547094243,379.8599853515625
2023-07-03,MA,0.017544885466231744,393.9599914550781
2023-08-07,MA,0.01611864324151272,396.8699951171875
2022-08-01,RSVR,0.021717537499402875,6.429999828338623
2024-09-09,RSVR,0.025446389885917346,7.429999828338623
2024-11-04,PST,0.03035230777236354,23.479999542236328
2024-02-05,LAD,0.00913294620819616,291.8500061035156
2023-08-07,ASND,0.01116404628093171,91.6999969482422
2023-11-06,INGR,0.0285783932551092,95.62000274658205
2022-05-02,MKL,0.015294190209610295,1348.72998046875
2023-07-03,ANIP,0.030785408711587883,54.02000045776367
2024-03-04,HEES,0.030123807512061375,58.790000915527344
2023-01-09,NRGV,0.013696186273732083,3.4600000381469727
2022-11-07,XAR,0.02270351204491646,107.87999725341795
2023-10-02,ROL,0.028991017656769386,36.619998931884766
2022-04-04,ACM,0.014638076437485053,75.88999938964844
2023-06-05,ACM,0.01601942962103146,81.93000030517578
2024-01-08,ACM,0.010499314487061826,89.05999755859375
2024-09-09,ACM,0.03609045790841015,94.44000244140624
2023-08-07,EWBC,0.010108678989852606,61.119998931884766
2024-06-03,EWBC,0.027195783046734062,72.83000183105469
2024-11-04,EWBC,0.00858156153026293,96.45999908447266
2024-02-05,TW,0.02951721051896145,97.37000274658205
2024-01-08,MBWM,0.02272598611461526,39.619998931884766
2024-09-09,MBWM,0.016985932410465136,43.0
2023-11-06,PRGS,0.01082465112305707,52.09000015258789
2024-04-01,PRGS,0.009162646074924839,52.77999877929688
2024-11-04,PRGS,0.030905961895151813,63.93999862670898
2023-12-04,SD,0.02373391279036415,13.829999923706056
2024-03-04,SD,0.03321666086397269,12.8100004196167
2024-04-01,SD,0.014386239261092244,14.630000114440918
2024-01-08,MCY,0.02416108839216408,37.97999954223633
2024-09-09,CARR,0.028469101777529558,70.7300033569336
2022-04-04,MGY,0.028604105259575883,24.18000030517578
2023-09-11,MGY,0.027820784193404932,22.950000762939453
2022-06-06,NATH,0.010989028305340256,51.0
2022-03-07,BAR,0.02581813191262171,19.809999465942383
2022-12-05,KR,0.006185255957333975,46.06999969482422
2024-05-06,KR,0.007818532066526496,55.2400016784668
2022-10-03,IAU,0.022549743636026888,32.279998779296875
2023-04-03,IAU,0.02771859656347732,37.650001525878906
2024-04-01,MAC,0.028662592908305196,16.790000915527344
2024-05-06,MAC,0.026518934831819118,14.68000030517578
2023-05-01,TCMD,0.033902015461861466,18.56999969482422
2024-02-05,TCMD,0.017588731512359432,14.699999809265137
2022-11-07,EMR,0.019937700892144385,91.23999786376952
2023-02-06,EMR,0.0186025474274524,90.43000030517578
2023-03-06,EMR,0.010072465987188877,87.1500015258789
2023-06-05,KOS,0.028358706816356362,6.489999771118164
2023-11-06,KOS,0.018080549529175927,7.059999942779541
2024-03-04,LECO,0.009905750912334914,255.3000030517578
2023-02-06,CASH,0.010012672826277868,50.810001373291016
2023-06-05,EXTR,0.019716647839866902,21.36000061035156
2023-10-02,STOK,0.030038887901982975,3.690000057220459
2024-02-05,STOK,0.01959285160588698,4.460000038146973
2024-01-08,BRC,0.030941943677990125,60.2599983215332
2024-02-05,HALO,0.01703738967441934,33.68000030517578
2024-10-07,HESM,0.0321616193665321,36.09999847412109
2023-03-06,CCEP,0.017727563104290668,55.900001525878906
2022-04-04,ETR,0.022492436824693825,59.70500183105469
2024-11-04,ETR,0.005575059265986217,71.21499633789062
2024-03-04,IPAR,0.021360155647012182,140.44000244140625
2023-09-11,VIRT,0.024499577877718552,18.25
2024-07-01,AZEK,0.019565236020443532,41.29999923706055
2024-02-05,SYK,0.03236954716656109,342.9100036621094
2023-09-11,FOR,0.03490084589621973,28.65999984741211
2024-03-04,FOR,0.022361938524436326,34.25
2022-11-07,TWST,0.01322849700407677,30.61000061035156
2023-06-05,ALK,0.01874186424459141,46.27999877929688
2022-02-07,ARCO,0.026921999294215963,6.760000228881836
2022-04-04,LFST,0.02247979945616667,10.5600004196167
2024-03-04,ETNB,0.016246734325524356,13.770000457763672
2024-09-09,ETNB,0.005625952562199767,8.460000038146973
2023-03-06,PRN,0.011536622806944577,97.7300033569336
2022-11-07,DDOG,0.01720991684708664,69.4800033569336
2023-01-09,DDOG,0.03607900842635303,65.94000244140625
2022-09-12,GHC,0.03230179086503825,580.3400268554688
2022-10-03,LEN,0.020224647236644997,75.66311645507812
2024-03-04,LEN,0.008670483270902595,155.40174865722656
2024-03-04,ABCB,0.005025199045167059,45.5
2022-11-07,ABM,0.023642382442045518,43.33000183105469
2024-12-02,ABM,0.03114126663275675,57.75
2024-08-05,RGLD,0.03098588264415819,129.3300018310547
2023-08-07,MC,0.032185883669316545,48.45000076293945
2022-07-11,UI,0.013758754351020884,252.72999572753903
2024-11-04,UI,0.025861004785325336,265.79998779296875
2022-05-02,IGE,0.023484762656021414,39.34999847412109
2022-07-11,IGE,0.036737240057371646,35.130001068115234
2024-11-04,IGE,0.023094846849697936,44.72999954223633
2023-11-06,SAIC,0.031715923078854756,111.22000122070312
2022-12-05,SSD,0.018848569371596895,93.1999969482422
2023-10-02,SSD,0.014928121907671704,148.74000549316406
2023-11-06,SKE,0.004702096773490434,3.240000009536743
2022-10-03,NTAP,0.029054505210495744,64.13999938964844
2022-09-12,COF,0.01727223468466165,109.79000091552734
2024-09-09,COF,0.017519022039771726,142.60000610351562
2023-03-06,ATEN,0.010086584398859427,14.920000076293944
2023-06-05,ALKS,0.008294877490866461,29.459999084472656
2024-05-06,ATEC,0.03593731765605994,13.279999732971191
2022-09-12,BK,0.005235136283535377,44.27999877929688
2024-05-06,KCE,0.025465067092097893,109.95999908447266
2022-08-01,PNFP,0.027198382246551675,79.70999908447266
2024-10-07,PNFP,0.004448999503065629,95.0500030517578
2024-11-04,EQBK,0.01583584502366093,41.970001220703125
2024-10-07,RTX,0.011798945835592633,125.0500030517578
2022-03-07,FOX,0.027541442140299733,38.02999877929688
2023-09-11,FCN,0.005841855544546328,179.08999633789062
2022-11-07,GSHD,0.005542447509573237,36.0
2023-02-06,SUPN,0.03477192263933582,40.75
2023-04-03,SEM,0.03158147436893124,13.857759475708008
2023-08-07,SEM,0.014834151999530063,16.276939392089844
2024-11-04,SEM,0.028354328318790676,19.671335220336918
2023-07-03,K,0.017132570526004923,64.36619567871094
2024-11-04,K,0.032786277847238705,80.5999984741211
2023-04-03,FOXA,0.02171922039417347,34.18000030517578
2022-10-03,VMI,0.024896240168371195,283.1600036621094
2022-06-06,GLW,0.005899793477641192,35.88999938964844
2022-12-05,GLW,0.02033370930831557,33.5
2024-04-01,GLW,0.03147747590311705,32.66999816894531
2023-09-11,AVT,0.03506253075297025,48.220001220703125
2023-10-02,AVT,0.012233795699845684,48.38999938964844
2023-08-07,WEX,0.005799782698682998,194.55999755859372
2022-06-06,ACLS,0.025762918212258217,62.93000030517578
2023-06-05,ACLS,0.007061779169231659,162.8300018310547
2024-04-01,MET,0.024191742586030608,73.69000244140625
2024-07-01,MET,0.015066035568896316,69.87999725341797
2022-03-07,FWRG,0.010079792932124718,12.43000030517578
2022-04-04,FWRG,0.02981775749539552,13.460000038146973
2023-04-03,FWRG,0.029547732324006388,15.920000076293944
2022-11-07,HTHT,0.03398975038981273,33.959999084472656
2023-11-06,SPFI,0.029276326310559805,26.57999992370605
2024-06-03,MBIN,0.011111166451040403,40.04999923706055
2024-07-01,MBIN,0.025120320302725357,40.93000030517578
2023-02-06,SBRA,0.021944671781669374,13.5
2023-02-06,SRE,0.023143049797661863,78.81999969482422
2023-05-01,SRE,0.03536259618384163,78.2300033569336
2024-08-05,RLX,0.008934703818167012,1.590000033378601
2022-10-03,ALG,0.014782368106031066,126.2300033569336
2023-04-03,ALG,0.02452940861177285,184.05999755859372
2024-10-07,ALG,0.03978856137866849,175.50999450683594
2024-02-05,PEO,0.01674091200153461,20.46999931335449
2022-12-05,IQ,0.025660259189106853,3.150000095367432
2023-07-03,ABBV,0.017241124702097613,135.00999450683594
2024-01-08,ABBV,0.009633407850590399,161.42999267578125
2024-03-04,MS,0.023521747511349726,90.04000091552734
2024-09-09,MS,0.03894503129784663,98.18000030517578
2022-09-12,MSFT,0.01395467861312641,266.6499938964844
2024-12-02,MSFT,0.028069618817834485,430.9800109863281
2023-08-07,FCBC,0.010663111634348686,33.90999984741211
2022-05-02,CRT,0.020063359343995585,14.789999961853027
2024-04-01,CRT,0.03340498787519214,13.529999732971191
2022-06-06,TRN,0.008123150734854093,26.780000686645508
2022-05-02,SSB,0.024500543537220986,77.4000015258789
2023-01-09,SSB,0.004808631148543604,79.61000061035156
2024-02-05,SSB,0.01604263371641743,79.7300033569336
2024-07-01,SSB,0.007742745030062867,75.80000305175781
2024-11-04,SSB,0.01993513380076511,95.6500015258789
2022-08-01,SLV,0.011016952519284957,18.790000915527344
2022-07-11,NBTB,0.007353650621769654,37.9900016784668
2024-07-01,NBTB,0.027622014980286127,38.11000061035156
2022-05-02,PBH,0.026143642125412037,54.470001220703125
2022-06-06,PBH,0.028787074216673213,56.470001220703125
2022-09-12,PBH,0.004818658533200385,53.08000183105469
2022-11-07,BJRI,0.02424727321050712,30.649999618530277
2023-05-01,BJRI,0.01799804730558853,32.209999084472656
2023-12-04,BJRI,0.020451341584281406,31.299999237060547
2023-09-11,BOX,0.0323938489563975,25.530000686645508
2024-05-06,PSMT,0.02878377219646265,83.13999938964844
2024-09-09,PSMT,0.025078980891177383,85.4000015258789
2023-06-05,LE,0.027975092415738985,8.550000190734863
2022-10-03,FBK,0.020993160287137727,38.56999969482422
2024-11-04,ITIC,0.014680219951408247,228.7899932861328
2022-10-03,FSBW,0.019618174684610964,27.459999084472656
2023-07-03,FSBW,0.022537417575427102,30.5
2022-04-04,PRG,0.0043992227475021795,28.549999237060547
2023-04-03,MTB,0.024144384404507373,118.73999786376952
2022-08-01,CWST,0.025614499766600424,82.47000122070312
2024-06-03,CWST,0.009446015457386376,98.91999816894533
2024-07-01,CWST,0.008822151337767268,96.58999633789062
2024-07-01,MUR,0.0323892132954047,41.06999969482422
2022-03-07,KALV,0.03486379138824815,15.84000015258789
2023-01-09,KALV,0.01077187792014699,6.599999904632568
2023-11-06,KALV,0.0049351472592742895,8.5
2022-12-05,SATS,0.0067318074003045476,16.59000015258789
2023-12-04,ESGR,0.015183883889887539,281.260009765625
2022-08-01,NIC,0.016041785168636462,81.94999694824219
2022-09-12,NIC,0.024923992001440836,76.33999633789062
2022-08-01,ATR,0.020134643090026043,108.1999969482422
2022-11-07,ATR,0.03210647220582699,100.48999786376952
2022-04-04,CIEN,0.024591456158329496,61.7400016784668
2023-07-03,CIEN,0.018137340141071524,42.29999923706055
2023-10-02,PTEN,0.03886214950992935,13.0600004196167
2024-09-09,LAB,0.005015366321372367,1.9900000095367432
2023-01-09,CBRE,0.026464800564717558,81.76000213623047
2024-08-05,VRNS,0.0066087065815362,50.27999877929688
2024-10-07,VRNS,0.007793280527384239,55.52000045776367
2023-10-02,RAND,0.030473223561172356,13.399999618530272
2024-10-07,UWMC,0.038531619669287455,7.360000133514404
2024-03-04,AEG,0.026050995161058504,5.550000190734863
2023-08-07,JMSB,0.02782349494184478,19.850000381469727
2022-11-07,MRK,0.0051213947433732645,100.06999969482422
2024-01-08,MRK,0.0335733665602325,117.37999725341795
2024-03-04,MRK,0.033581731867784466,124.0500030517578
2023-09-11,DORM,0.033434782029420386,77.93000030517578
2022-08-01,BN,0.006498276762427324,40.09700775146485
2024-08-05,BN,0.012366936252846008,43.77000045776367
2023-06-05,DE,0.007080020235815332,363.6499938964844
2024-08-05,DE,0.014112762847912404,344.8399963378906
2022-09-12,AMKR,0.026454273124052505,19.559999465942383
2023-06-05,AMKR,0.010694383962006095,25.1200008392334
2022-08-01,SES,0.027167225514062244,4.420000076293945
2022-09-12,SES,0.034158298101590365,5.130000114440918
2023-03-06,SES,0.0194407983280129,3.0
2022-03-07,WLK,0.006084305000897893,110.43000030517578
2023-09-11,WLK,0.03152664539919559,124.20999908447266
2022-10-03,VMC,0.031058057529369427,160.39999389648438
2023-08-07,VMC,0.030799592868694527,228.72000122070312
2022-08-01,LAZ,0.03421959662408136,37.83000183105469
2022-03-07,NWSA,0.010048728485067868,20.280000686645508
2023-03-06,HCA,0.02735228175592396,251.72999572753903
2023-01-09,STBA,0.018491792768113368,33.34000015258789
2022-08-01,PSI,0.011604653445958835,37.75
2024-06-03,PSI,0.03256279251816623,58.84000015258789
2024-12-02,EML,0.01283654810801218,29.729999542236328
2022-02-07,IDT,0.0142930183558871,38.59999847412109
2023-08-07,IDT,0.020817677718509925,23.530000686645508
2023-03-06,VHI,0.004950138081724101,24.5
2023-12-04,FDP,0.02550303508515698,23.82999992370605
2024-01-08,FDP,0.023406901130483455,27.149999618530277
2023-01-09,HNI,0.004071540039973523,29.71999931335449
2022-05-02,BURL,0.013550269883486402,211.67999267578125
2024-09-09,BURL,0.009143699287799421,262.92999267578125
2024-12-02,BURL,0.023864028658436735,290.3399963378906
2022-03-07,PCOR,0.0042224884620681935,57.7400016784668
2024-03-04,LUMN,0.032963952154650686,1.690000057220459
2023-03-06,AWI,0.0377072888708412,75.54000091552734
2024-06-03,AWI,0.00814492923912214,115.80999755859376
2022-07-11,EFSC,0.010081833979647868,41.54999923706055
2023-03-06,EFSC,0.02856285939190314,55.650001525878906
2022-02-07,BR,0.03278635568160511,147.8699951171875
2022-08-01,SEVN,0.026627547849513385,10.800000190734863
2024-10-07,ONB,0.035132271484982394,18.1299991607666
2023-04-03,IONS,0.005685827617032249,35.349998474121094
2023-02-06,ESRT,0.01794203173004359,8.210000038146973
2023-07-03,ESRT,0.025657754707640545,7.730000019073486
2024-01-08,CIA,0.026185577919232483,2.7799999713897705
2024-08-05,CIA,0.03469080157664748,2.390000104904175
2023-07-03,WCN,0.023928139710404674,141.3699951171875
2024-05-06,WCN,0.028457204471705813,166.61000061035156
2022-10-03,LRCX,0.011103192442333142,38.96799850463867
2024-09-09,LRCX,0.02071927130493343,73.43099975585938
2022-11-07,AIV,0.008322887886208743,7.389999866485596
2023-12-04,AIV,0.005276824528761833,7.25
2024-08-05,AIV,0.010222888719791287,8.710000038146973
2024-11-04,AIV,0.021043189822926352,8.420000076293945
2023-03-06,HXL,0.035215494094995456,73.13999938964844
2022-03-07,AME,0.03495896078695819,129.5
2023-04-03,KMPR,0.029597115638410148,55.65999984741211
2024-11-04,TTEK,0.003365860248905914,49.22999954223633
2023-01-09,KBR,0.013149356896524566,49.70000076293945
2024-06-03,KBR,0.018704038801637818,64.54000091552734
2023-01-09,PM,0.03647075706777357,102.3000030517578
2023-10-02,PM,0.03158564103964195,91.41000366210938
2023-01-09,MMC,0.012200111543994144,170.38999938964844
2023-05-01,MMC,0.022819361912015317,181.50999450683597
2024-07-01,MMC,0.017693279725845185,210.25
2023-08-07,SFL,0.005070931760110483,9.979999542236328
2024-02-05,SFL,0.005858127489510733,11.779999732971191
2022-10-03,ON,0.005424258080390509,64.79000091552734
2024-09-09,ON,0.03724815329693819,69.38999938964844
2022-08-01,CVX,0.0335258277442924,160.50999450683594
2024-06-03,CVX,0.009375476909025607,157.4600067138672
2022-06-06,ENS,0.036402947075921455,69.88999938964844
2023-03-06,ENS,0.03714578536778524,90.9000015258789
2024-02-05,ENS,0.02081384404596194,96.33999633789062
2024-10-07,PVH,0.034962994696392004,97.20999908447266
2024-12-02,FNB,0.008885823423386825,16.84000015258789
2022-04-04,TBCH,0.008826443409703247,21.989999771118164
2022-12-05,TBCH,0.006047068733309476,9.220000267028809
2024-08-05,TBCH,0.007897344902388309,12.729999542236328
2022-04-04,VRSK,0.004536105953886749,217.00999450683597
2022-05-02,VRSK,0.03295105528715516,202.19000244140625
2023-04-03,VRSK,0.0295770157397547,191.5800018310547
2022-09-12,AMAT,0.007443265382712107,96.3000030517578
2022-11-07,AMAT,0.017778515159808092,95.04000091552734
2023-12-04,AMAT,0.004066709284148921,148.27000427246094
2022-05-02,HBT,0.0347362153258403,16.959999084472656
2023-10-02,VUZI,0.030758287401354816,3.5999999046325684
2024-05-06,VUZI,0.010891899185351212,1.2899999618530271
2023-03-06,NOC,0.032839029035507505,470.2200012207031
2022-07-11,LIN,0.008671506622099054,276.7699890136719
2023-05-01,TAP,0.024691787571734947,60.45000076293945
2023-05-01,GMED,0.030197332145195127,58.08000183105469
2022-10-03,PAHC,0.02241726140908023,13.760000228881836
2023-10-02,PAHC,0.00815968762512092,12.739999771118164
2024-05-06,PAHC,0.003927273591376157,16.450000762939453
2023-09-11,ANDE,0.013114480426705615,50.0
2024-03-04,ANDE,0.004415513912101808,54.630001068115234
2024-10-07,VIS,0.02107715678390905,259.6400146484375
2022-12-05,BPOP,0.008744000124616434,67.27999877929688
2023-02-06,BPOP,0.00821633940641911,70.0199966430664
2022-02-07,SRCE,0.02928693550906763,49.619998931884766
2024-05-06,SRCE,0.009876880765147433,51.70000076293945
2022-09-12,ESNT,0.032487555367210756,40.970001220703125
2023-12-04,ESNT,0.028011216503023188,49.380001068115234
2024-08-05,ESNT,0.005053810725284052,58.56999969482422
2023-06-05,PLNT,0.008959904994677864,65.98999786376953
2024-08-05,PLNT,0.034189407414353855,72.01000213623047
2023-12-04,IOVA,0.029535849431277413,6.639999866485596
2023-12-04,AMG,0.017562763523332605,137.8000030517578
2024-09-09,AMG,0.014244054109920665,165.2899932861328
2022-05-02,SNV,0.008627674978844839,42.09999847412109
2024-09-09,DAC,0.032307670552799504,77.01000213623047
2024-08-05,CHDN,0.00783451970839378,130.35000610351562
2022-02-07,MLM,0.014624427082684324,372.9500122070313
2023-07-03,MLM,0.026800071728511364,456.2200012207031
2022-05-02,CI,0.02540384770128897,246.1100006103516
2023-11-06,CI,0.019575967861792852,306.8399963378906
2024-03-04,CI,0.016787299461170545,336.79998779296875
2022-12-05,ITRN,0.01371673665223122,23.229999542236328
2023-04-03,ITRN,0.012759116718363004,22.020000457763672
2023-10-02,ITRN,0.035589332694520165,29.989999771118164
2024-07-01,ITRN,0.008648921668594545,24.280000686645508
2024-12-02,ITRN,0.03193338245146065,30.959999084472656
2022-03-07,CARE,0.017711796968910468,15.8100004196167
2023-03-06,CARE,0.004281886233510955,17.270000457763672
2024-06-03,CARE,0.03412254649985892,12.479999542236328
2024-01-08,SIG,0.014708823134193435,101.19000244140624
2024-03-04,SIG,0.02096510302489555,99.37999725341795
2024-08-05,SIG,0.036562941576508336,76.19999694824219
2022-02-07,PHAT,0.03244143787116671,16.1200008392334
2022-07-11,INSP,0.021286425259089154,193.8600006103516
2022-03-07,VSCO,0.02772084929649916,42.34000015258789
2022-10-03,VSCO,0.01130509591470074,30.309999465942383
2022-11-07,VSCO,0.02422484399310481,39.9900016784668
2022-12-05,VSCO,0.01471894408992558,43.38999938964844
2022-11-07,HYLN,0.0392587643405627,2.759999990463257
2022-02-07,SMIN,0.014323220409124841,59.20000076293945
2022-04-04,NOV,0.006832888422666943,20.13999938964844
2024-02-05,ESSA,0.013591115452853703,18.399999618530277
2023-03-06,IOSP,0.01915674315860199,105.6999969482422
2023-06-05,BYD,0.03397280425818515,66.69000244140625
2022-08-01,RNW,0.03600594294117095,6.639999866485596
2022-02-07,QLYS,0.04042269744583258,129.24000549316406
2023-08-07,QLYS,0.014194030514656612,144.5
2024-05-06,WM,0.008852306422530551,210.55999755859372
2024-09-09,WM,0.008166207823456437,208.4600067138672
2023-12-04,EP,0.024558970151105225,8.859999656677246
2022-10-03,IP,0.03309224130987715,32.540000915527344
2022-08-01,T,0.017054232175765027,18.729999542236328
2023-06-05,T,0.02864998164712893,15.390000343322754
2023-05-01,VNO,0.03344938437786835,14.68000030517578
2022-06-06,PNW,0.02519718809247404,78.0999984741211
2023-11-06,PNW,0.012453235454152075,72.83999633789062
2024-04-01,PNW,0.02672776260367743,74.05000305175781
2023-06-05,OMC,0.015083044354689627,91.0500030517578
2023-12-04,OMC,0.0062331598374174004,82.38999938964844
2024-05-06,SYBT,0.0046602023919166706,46.77000045776367
2022-02-07,PDCO,0.008604467353469277,27.5
2022-07-11,PDCO,0.0067064189301003834,29.709999084472656
2024-02-05,NHI,0.031914256755449656,52.150001525878906
2023-09-11,RHP,0.018771959390350285,86.58000183105469
2024-12-02,RHP,0.025459298524880998,117.5500030517578
2022-05-02,SIGI,0.019767385694503196,83.52999877929688
2022-08-01,LW,0.027444940640187664,80.5999984741211
2023-02-06,GCMG,0.020280464139263224,9.300000190734863
2024-07-01,GCMG,0.004296999652382328,9.699999809265137
2024-09-09,HOMB,0.007614389863802545,26.739999771118164
2023-10-02,CDNA,0.011796603003243557,6.860000133514404
2024-10-07,CDNA,0.016216639008299193,32.20000076293945
2024-06-03,BFIN,0.007974481274884105,10.020000457763672
2023-11-06,CRTO,0.0376901577020014,23.530000686645508
2022-12-05,CRUS,0.006306075117006907,73.54000091552734
2023-05-01,CRUS,0.011915706418319141,85.05000305175781
2024-07-01,CRUS,0.027323958615692368,127.29000091552734
2024-08-05,CRUS,0.01822574168016796,112.86000061035156
2023-03-06,DINO,0.014639242120056045,52.09999847412109
2024-05-06,DINO,0.015314042474927694,55.20000076293945
2024-09-09,DINO,0.024693864983007546,45.630001068115234
2023-09-11,IRTC,0.0039031185905025047,100.16999816894533
2023-04-03,HWC,0.029473245448953852,36.88999938964844
2023-06-05,HWC,0.011908725084633948,38.93000030517578
2024-02-05,SGU,0.030250230026175808,10.65999984741211
2024-06-03,SGU,0.011650150203549354,11.289999961853027
2024-08-05,SGU,0.013249389388248487,10.270000457763672
2022-06-06,GIL,0.03270983286879146,31.43000030517578
2023-05-01,GIL,0.020962203828519044,32.400001525878906
2024-03-04,GIL,0.014968540482906113,34.5099983215332
2022-04-04,NUE,0.02921439207025474,149.52000427246094
2022-06-06,NUE,0.009042009143759668,129.47000122070312
2024-02-05,NUE,0.03431877271471952,182.30999755859372
2024-10-07,NUE,0.033557693005815875,152.75
2024-05-06,HBCP,0.010538027400122364,37.77999877929688
2023-10-02,TTSH,0.010912383636525195,5.46999979019165
2024-02-05,TTSH,0.02986448733924302,6.289999961853027
2024-12-02,PODD,0.03437358480611668,266.489990234375
2022-10-03,EIX,0.020045218702285175,59.400001525878906
2024-03-04,EIX,0.029999509421903076,67.45999908447266
2024-04-01,EIX,0.026668867943563764,70.44000244140625
2023-02-06,LEGH,0.021557520776612996,20.549999237060547
2023-05-01,LEGH,0.005905285929682441,22.25
2024-03-04,SIM,0.024226083814791813,30.729999542236328
2024-10-07,SIM,0.020456612253417095,27.670000076293945
2022-04-04,TYL,0.02826914304617439,444.260009765625
2024-11-04,TYL,0.024035873751965222,600.6099853515625
2024-12-02,TYL,0.012418346635502479,625.5800170898438
2024-09-09,CIG,0.008476269196012324,2.119999885559082
2022-02-07,ETD,0.005073346134105063,24.979999542236328
2024-08-05,ARCT,0.005823907291402832,19.790000915527344
2024-02-05,PRSU,0.010718881927018063,32.66999816894531
2023-10-02,CTRE,0.03162385771559559,20.1299991607666
2023-12-04,CTRE,0.02020945075304329,22.6200008392334
2022-04-04,EVGO,0.01307421562782628,13.75
2023-04-03,EVGO,0.007646877224211405,7.199999809265137
2022-03-07,EQIX,0.028390722659552985,703.0700073242188
2024-10-07,AAL,0.009812452341260809,11.529999732971191
2022-07-11,RBLX,0.02713563284134253,38.40999984741211
2022-11-07,RBLX,0.029632132537859682,39.81999969482422
2022-04-04,EQX,0.018237828104309937,8.59000015258789
2023-09-11,EQX,0.024156163970331258,4.75
2023-10-02,SMBC,0.018295070614429275,39.06999969482422
2024-04-01,SMBC,0.011269112276690732,42.65999984741211
2022-12-05,FAST,0.02511787048031303,50.88999938964844
2024-06-03,FAST,0.023375828716559723,64.30999755859375
2024-12-02,FAST,0.015569922321355817,82.66999816894531
2023-04-03,CATY,0.03231193236397869,34.209999084472656
2023-04-03,ADSK,0.004502154902018491,207.5800018310547
2023-10-02,UMBF,0.022286868882241063,60.29999923706055
2022-03-07,MGEE,0.02114670229451202,76.69999694824219
2022-05-02,MGEE,0.004631768185430299,76.7699966430664
2022-09-12,MGEE,0.005557977562433397,78.80999755859375
2023-12-04,MGEE,0.029096644841757675,74.52999877929688
2022-05-02,LULU,0.03471022183954611,360.8399963378906
2022-04-04,PEGA,0.010094217519710236,81.44999694824219
2022-07-11,PEGA,0.028756553915463782,48.400001525878906
2023-04-03,ACAD,0.007651843604684402,18.93000030517578
2022-12-05,REGN,0.02958687846664321,755.4500122070312
2024-08-05,MCRI,0.02184063514938671,70.91999816894531
2024-08-05,FNF,0.03287416213064061,53.93999862670898
2022-05-02,C,0.026266889650258148,48.709999084472656
2022-06-06,VTR,0.003803787202336921,55.470001220703125
2022-12-05,VTR,0.029612116941116314,45.459999084472656
2022-02-07,BHB,0.03092373148044336,29.86000061035156
2022-05-02,BHB,0.005513603711566505,26.21999931335449
2024-02-05,BHB,0.006793702006045903,25.479999542236328
2024-10-07,BHB,0.01844635968663377,29.059999465942383
2023-04-03,STRAX,0.018886209613371143,23.030000686645508
2023-10-02,STRAX,0.038436121546712713,23.170000076293945
2024-04-01,STRAX,0.01956217714494778,28.809999465942383
2022-08-01,NX,0.020623859164919444,25.18000030517578
2023-09-11,NX,0.005290441766554103,27.979999542236328
2024-11-04,NX,0.03245286593753934,29.13999938964844
2022-11-07,KOP,0.030936161002564584,28.26000022888184
2024-10-07,CPNG,0.01973473707177949,25.799999237060547
2022-08-01,FFBC,0.011964644180351883,22.43000030517578
2023-08-07,FFBC,0.028141545613233843,23.38999938964844
2024-04-01,DVAX,0.004529941429362248,12.579999923706056
2024-05-06,DVAX,0.006969797311441621,11.640000343322754
2022-07-11,CMRE,0.0412112893461206,10.81999969482422
2024-12-02,CMRE,0.016278029110679687,13.100000381469728
2024-12-02,NDAQ,0.016531893023258266,81.6500015258789
2022-06-06,SNDR,0.015495840937179234,25.020000457763672
2024-10-07,SNDR,0.010965133980803161,27.3799991607666
2022-04-04,AMGN,0.03316630215488846,244.8699951171875
2022-11-07,AMGN,0.00825419092963499,277.0199890136719
2024-02-05,ULTA,0.012915079823775964,502.3800048828125
2024-05-06,ODFL,0.005952749284712454,180.17999267578125
2024-06-03,ODFL,0.02397372730264665,169.3300018310547
2023-01-09,AKR,0.012053099332285783,14.149999618530272
2023-08-07,INCO,0.03010144728311477,52.04999923706055
2024-10-07,INCO,0.009152701076413309,73.13999938964844
2024-06-03,SLX,0.009690041050063108,70.91000366210938
2024-11-04,SLX,0.02281162929572773,67.76000213623047
2022-06-06,BSRR,0.008439093047173546,22.100000381469727
2023-08-07,CBNK,0.018929969673993786,20.5
2024-09-09,CBNK,0.01813484665343671,24.56999969482422
2022-10-03,NXST,0.03157994783796718,172.74000549316406
2024-05-06,HUBG,0.02007235810444012,42.93000030517578
2022-09-12,MSA,0.03505669412354112,123.44000244140624
2024-11-04,MSA,0.015336339837017843,164.00999450683594
2022-07-11,TEAM,0.02022446835574843,211.02999877929688
2024-07-01,TEAM,0.0368019081155209,178.25
2024-10-07,TEAM,0.021139164666811643,167.52999877929688
2024-05-06,GOGL,0.015509866904096135,14.43000030517578
2022-07-11,TRMK,0.028133535985919382,30.200000762939453
2024-01-08,TRMK,0.0152793110267731,27.3799991607666
2022-06-06,WKC,0.004319263910836307,26.290000915527344
2023-01-09,WDAY,0.014777072709828993,162.92999267578125
2024-07-01,CNP,0.01992810700054213,30.549999237060547
2022-05-02,AAMI,0.029847202353645415,20.239999771118164
2024-05-06,AAMI,0.006458423363470751,22.559999465942383
2024-07-01,RF,0.027272199699535957,19.899999618530277
2023-03-06,STGW,0.02307570722919811,9.210000038146973
2023-05-01,STGW,0.00937216996448149,6.300000190734863
2023-10-02,AZN,0.011648861605698876,66.7300033569336
2022-05-02,HUYA,0.03336557869530476,4.28000020980835
2024-11-04,HUYA,0.029480545324973385,3.4200000762939453
2024-09-09,BTE,0.029618360040469627,3.049999952316284
2023-07-03,ASB,0.0051776801573240275,16.6200008392334
2023-08-07,ASB,0.013540337665537765,18.93000030517578
2024-06-03,ASB,0.027079790553419678,20.709999084472656
2022-07-11,SCD,0.031248851962524315,12.579999923706056
2023-07-03,SCD,0.02098076471484441,12.789999961853027
2023-12-04,SCD,0.03287521266755733,13.18000030517578
2023-10-02,CFR,0.02336269007830662,89.56999969482422
2022-09-12,KRP,0.027022908776383164,17.34000015258789
2023-01-09,KRP,0.013268409227691945,16.15999984741211
2023-10-02,KRP,0.017119756301270755,15.729999542236328
2023-11-06,KRP,0.03513703668831564,16.420000076293945
2022-04-04,TTWO,0.018787555158022072,154.42999267578125
2024-09-09,TTWO,0.02617822342275932,156.32000732421875
2024-11-04,TTWO,0.025934833825854937,162.92999267578125
2023-08-07,OTTR,0.012473333691284736,90.93000030517578
2022-06-06,WSFS,0.016452647420324096,42.93999862670898
2024-07-01,PECO,0.014325185340776671,32.599998474121094
2022-11-07,CAE,0.02624652591136624,17.940000534057617
2024-04-01,GEN,0.004165031422988599,22.309999465942383
2023-03-06,FA,0.021333108997052454,13.779999732971191
2022-07-11,STT,0.032249600052346686,62.70000076293945
2024-04-01,STT,0.011436589330495196,77.25
2023-06-05,DLN,0.016045052388902817,61.619998931884766
2023-07-03,DLN,0.014827915039784954,63.77000045776367
2022-07-11,CVBF,0.014409695411990714,24.530000686645508
2023-03-06,CVBF,0.036850242459042046,23.729999542236328
2024-04-01,GAM,0.01041944338213147,46.59000015258789
2022-08-01,SPR,0.03368296325913673,35.02000045776367
2023-10-02,SPR,0.009138415428232079,16.84000015258789
2023-01-09,IVT,0.025224108705290675,24.059999465942383
2022-08-01,CCS,0.031068744369216427,51.400001525878906
2022-11-07,CCS,0.004091130658767604,43.880001068115234
2022-04-04,TCBK,0.009784200288435909,39.65999984741211
2022-05-02,TCBK,0.008838385921132357,38.41999816894531
2022-12-05,TCBK,0.005594628782199961,52.060001373291016
2023-06-05,TCBK,0.003990159532779833,35.18000030517578
2022-09-12,CUBI,0.030254285494003746,34.47999954223633
2023-10-02,BRX,0.026333545993783083,20.149999618530277
2024-06-03,BRX,0.02874174072096946,22.489999771118164
2024-07-01,DT,0.027387094631775615,45.06999969482422
2024-06-03,NTES,0.031048520225397013,88.30999755859375
2023-02-06,WTS,0.004376413972091244,168.25
2022-06-06,RH,0.005781492916548507,310.2099914550781
2023-04-03,AXTA,0.01210658540908327,31.1200008392334
2022-12-05,FCX,0.03510541565789908,38.86000061035156
2023-08-07,FCX,0.02948688291613973,42.290000915527344
2023-01-09,ABUS,0.009344122222719766,2.6700000762939453
2024-11-04,ABUS,0.03070558500013713,3.869999885559082
2022-08-01,INZY,0.011646076858397499,3.390000104904175
2023-06-05,DOX,0.010609240314277214,93.83999633789062
2024-03-04,FCF,0.024101138723386734,13.1899995803833
2024-11-04,FCF,0.02424392363400993,16.270000457763672
2024-10-07,MNST,0.007673422630483454,49.2400016784668
2024-11-04,MNST,0.012749600185901327,54.060001373291016
2024-10-07,MGNX,0.020235122562507528,3.5899999141693115
2024-06-03,TOWN,0.00985538791586453,26.739999771118164
2024-05-06,BY,0.034330015995164685,23.280000686645508
2022-08-01,ICE,0.029396004217226192,100.4000015258789
2023-02-06,PRU,0.017892090653681303,102.0999984741211
2024-07-01,PRU,0.018611532153578986,117.52999877929688
2024-02-05,ZION,0.03332087763044474,38.869998931884766
2023-05-01,WAT,0.0174007862140519,298.2200012207031
2022-12-05,MAS,0.03305386916618887,49.40999984741211
2024-08-05,WBS,0.007525423544310887,42.4900016784668
2023-03-06,MTUS,0.029513592885616613,18.5
2023-10-02,MTUS,0.018599988343464165,21.59000015258789
2022-09-12,RY,0.030008001057572255,99.30999755859376
2024-11-04,RY,0.00991767757073915,122.2699966430664
2023-04-03,CDP,0.011649590286583302,23.450000762939453
2024-07-01,CDP,0.008087246338872933,25.049999237060547
2024-12-02,CDP,0.005012471484673338,32.400001525878906
2022-04-04,CG,0.029769441231739822,49.2599983215332
2023-07-03,JHG,0.022470842040004914,27.420000076293945
2022-04-04,EQL,0.025708336962274436,36.619998931884766
2022-03-07,FHI,0.01019904019897069,30.450000762939453
2023-01-09,FHI,0.007207475734799056,38.04999923706055
2022-12-05,THO,0.021303761213844346,85.05000305175781
2022-11-07,VIG,0.014601427362256243,148.0800018310547
2023-08-07,VCM,0.017150589323936323,13.510000228881836
2023-02-06,SVT,0.010121691081091197,11.600000381469728
2023-08-07,ONC,0.030347239850006272,187.5200042724609
2024-04-01,MSCI,0.011238677750472416,554.8300170898438
2023-03-06,HAFC,0.01030894431624917,23.1200008392334
2022-03-07,EXAS,0.012756053690750682,71.08000183105469
2023-07-03,EXAS,0.02110610676978378,93.36000061035156
2023-06-05,PFG,0.03116165404013157,68.38999938964844
2024-07-01,PFG,0.03522811404594424,78.01000213623047
2023-05-01,DGICA,0.02701996735574758,14.3100004196167
2022-02-07,SPGI,0.01726372217046852,405.25
2022-05-02,EPRT,0.03202850339124553,23.280000686645508
2022-06-06,INDA,0.02075558670253613,41.400001525878906
2022-11-07,SWTX,0.03569801991264848,22.57999992370605
2023-10-02,SWTX,0.03321681287889302,22.799999237060547
2023-03-06,JNPR,0.029048661279190303,31.32999992370605
2024-09-09,JNPR,0.023695514872432443,38.34000015258789
2023-09-11,DLR,0.025974220916000934,131.11000061035156
2023-06-05,HFWA,0.024458888677404887,16.81999969482422
2023-10-02,WDS,0.01106325178866662,22.649999618530277
2023-05-01,LANC,0.012287026585491577,212.7100067138672
2023-02-06,OZK,0.026201854561689875,47.06999969482422
2023-11-06,OZK,0.031480004418493204,39.220001220703125
2022-06-06,GGG,0.006793051641806077,63.709999084472656
2024-09-09,MO,0.01055717452220546,54.130001068115234
2022-02-07,CNA,0.009347238701539343,46.869998931884766
2022-02-07,UBSI,0.02728989252665155,35.9900016784668
2023-03-06,UBSI,0.018685354490219536,39.970001220703125
2022-11-07,EA,0.005861376187363796,132.4199981689453
2022-10-03,HON,0.016951541629087564,173.0399932861328
2022-08-01,KMDA,0.0082233664214571,5.050000190734863
2024-11-04,KMDA,0.02985688465591188,5.989999771118164
2024-12-02,KMDA,0.011303044364685991,5.989999771118164
2023-08-07,SB,0.009862876755966317,3.369999885559082
2023-11-06,SB,0.03727173289823312,3.240000009536743
2024-07-01,SB,0.012073742700820529,5.900000095367432
2023-10-02,PHO,0.03681549598194216,52.540000915527344
2024-08-05,PHO,0.004686964228832712,66.1500015258789
2024-12-02,PHO,0.014426018010857489,71.62000274658203
2023-09-11,FSBC,0.02976127604586153,21.190000534057617
2022-09-12,PBFS,0.008206846650295118,9.609999656677246
2024-01-08,PBFS,0.00548201339212239,9.579999923706056
2022-04-04,CCRN,0.033264387445572675,21.32999992370605
2024-02-05,RRBI,0.028259607043867513,51.470001220703125
2023-02-06,OTIS,0.038434139126599834,83.66999816894531
2022-10-03,PFIS,0.022541440658518045,48.18000030517578
2023-12-04,PFIS,0.016247853380928386,44.83000183105469
2022-02-07,LOUP,0.014217911113400126,47.36000061035156
2023-01-09,LOUP,0.004776906353207745,30.8799991607666
2022-07-11,SMTC,0.0074826546960617205,52.63999938964844
2023-07-03,GEF,0.027876131118204358,69.94999694824219
2024-10-07,GEF,0.018326953200932194,62.25
2022-04-04,HII,0.004547411069907138,201.8699951171875
2023-04-03,HII,0.007412406255928011,209.0
2023-12-04,FAB,0.014178814160435144,74.08000183105469
2024-02-05,ESCA,0.024409058955767397,16.489999771118164
2023-03-06,CRBN,0.00935913396440761,146.677001953125
2023-09-11,PPH,0.00867725533490587,82.05000305175781
2024-01-08,MRT,0.021105196015069255,0.6269999742507935
2023-08-07,SHO,0.008621170887569094,9.56999969482422
2024-10-07,OGE,0.019965326800782304,39.7599983215332
2022-07-11,PB,0.03892637728073263,68.58000183105469
2023-02-06,PB,0.023064468245089394,77.80999755859375
2023-06-05,PB,0.007404176350655551,59.310001373291016
2023-07-03,PB,0.021292004045000902,57.63999938964844
2024-06-03,DOV,0.026217763492414208,181.2899932861328
2024-10-07,DOV,0.03101943631879927,187.52999877929688
2022-03-07,ENB,0.005144522777255874,44.2400016784668
2023-06-05,ENB,0.028377749736724817,37.310001373291016
2023-09-11,ENB,0.03144592990978925,33.709999084472656
2024-08-05,RLGT,0.006101949219631499,5.760000228881836
2024-12-02,TDY,0.030479807133117504,480.1000061035156
2024-06-03,SNX,0.015301052822287048,129.63999938964844
2023-10-02,OLED,0.012332771530373413,156.0500030517578
2024-02-05,OLED,0.02912262159978676,170.05999755859375
2024-04-01,OLED,0.028575587491531166,166.42999267578125
2023-12-04,BKU,0.03282828176008394,29.530000686645508
2024-10-07,BKU,0.03135563605490998,35.279998779296875
2023-10-02,NBHC,0.004205108599921631,29.709999084472656
2024-12-02,NBHC,0.031140558871923515,47.66999816894531
2023-09-11,PCTY,0.01275205348930305,194.8699951171875
2024-12-02,PCTY,0.02967554752888192,209.4600067138672
2023-09-11,HST,0.01514350639950844,16.139999389648438
2022-07-11,GCO,0.034595284417808694,50.13999938964844
2024-02-05,GCO,0.02679136836993443,28.059999465942383
2022-04-04,PAAS,0.012082913315339379,28.020000457763672
2023-01-09,BHLB,0.0320371905330835,30.26000022888184
2023-09-11,SWX,0.013973253264593756,61.45000076293945
2024-01-08,VOYA,0.00923501881671351,73.70999908447266
2023-07-03,FRPH,0.03230769593116815,28.399999618530277
2024-08-05,FRPH,0.03606292766639644,28.040000915527344
2023-03-06,BOKF,0.008630126588858245,102.9499969482422
2023-01-09,PPL,0.03577008543769711,30.170000076293945
2024-01-08,PPL,0.009072178169635528,27.989999771118164
2023-08-07,FBNC,0.004646070423912383,34.09000015258789
2023-03-06,AOSL,0.017949236072948623,25.920000076293945
2022-04-04,NVCR,0.010688902375480753,89.9000015258789
2024-03-04,NVCR,0.003860920707696767,16.43000030517578
2024-08-05,NVCR,0.01370508134151509,20.479999542236328
2024-01-08,GRF,0.013269265688445464,9.289999961853027
2022-08-01,THFF,0.005196648874101663,47.11000061035156
2022-10-03,THFF,0.014697883223356372,45.709999084472656
2022-02-07,NC,0.024701254374161735,31.440000534057617
2022-10-03,NC,0.02796047270888446,48.70000076293945
2023-07-03,WK,0.030879183650026547,97.44000244140624
2024-02-05,FDM,0.024141661326517995,57.560001373291016
2022-06-06,OEC,0.02133077557101211,20.399999618530277
2024-03-04,OEC,0.02737030725391411,22.43000030517578
2023-01-09,UVSP,0.015289074365889194,25.68000030517578
2024-11-04,UVSP,0.016915410695870076,27.790000915527344
2023-03-06,TNC,0.0223488778534354,71.2699966430664
2024-09-09,KBE,0.034482127121440505,51.4900016784668
